Name,Image,Start Time,End Time,Date,Address,Place,City,Link,Description,Going
‎דניאלה ספקטור | הערב! בסינקופה-בר חיפה‎,https://scontent.ftlv4-1.fna.fbcdn.net/v/t1.0-0/p235x350/40138556_10156669706252855_2548472669611753472_n.jpg?_nc_cat=0&oh=803e7e108d4f6135b9b12b1021803801&oe=5C154C38,9:30 PM,11:30 PM,2018-09-22,Khayat 5 3326127 Haifa Israel,Syncopa-Bar,haifa,https://www.facebook.com/events/202520853805300/?acontext=%7B%22ref%22%3A110%2C%22source%22%3A2%2C%22source_dashboard_filter%22%3A%22discovery%22%2C%22action_history%22%3A%22[%7B%5C%22surface%5C%22%3A%5C%22discover_filter_list%5C%22%2C%5C%22mechanism%5C%22%3A%5C%22surface%5C%22%2C%5C%22extra_data%5C%22%3A%7B%5C%22dashboard_filter%5C%22%3A%5C%22discovery%5C%22%7D%7D]%22%2C%22has_source%22%3Atrue%7D,דניאלה ספקטור במופע סולו אקוסטי לבד עם גיטרה ופסנתר.במפגש אינטימי עם הקהל דניאלה תבצע את מיטב השירים משלושת אלבומיה לצד שירים חדשים ואחרים שאספה בדרך. בין השירים: "לוויתן" "אברהם" "הכוכב הזה מת" "לישון בלעדיי" cut it out” "הירושימה" "כל הדברים היפים באמת" ועוד.אלבומה האחרון ועטור השבחים "כל הדברים היפים באמת" (2015) לא הותיר מקום לספק ומיקם אותה בשורה הראשונה של היוצרות הבולטות בארץ. כעת היא יוצאת לסיבוב הופעות חדש עם כל השירים האהובים והצצה לאלבום שבדרך.מוצ"ש 22.9 | פתיחת דלתות: 21:30 | תחילת הופעה: 22:00כרטיסים >>> www.eventer.co.il/danielaסינקופה-בר כיאט 5 העיר התחתית חיפה- - - - - - דניאלה ספקטור יכולה לעשות למוזיקה הישראלית את מה שאביתר בנאי חולל בה לפני שני עשורים ומחמאה גדולה מזו פשוט אין" יקי הפשטייןNRG מקור ראשון"דניאלה ספקטור גורמת ללב להתרחב..."כל הדברים היפים באמת" מחזק את קולה כאחד הבודדים שמחכים למוצא פיהם" נדב מנוחין וואלה"כל הדברים היפים באמת" מביא את דניאלה ספקטור לפסגות חדשות – היא בשלה יותר איכותית יותר נגישה יותר" גיא טנא גל"צwww.danielaspector.co.il/,false
‎פסטיבל הסרטים בחיפה כל ההקרנות בפיאצה (כיכר הפסטיבל) - חינם‎,https://scontent.ftlv4-1.fna.fbcdn.net/v/t1.0-0/s526x296/41703276_1676124385829858_8655882320181460992_n.jpg?_nc_cat=0&oh=b031703fe00fc7a27e26a4149e4abe66&oe=5C611AEF,7 PM,11:30 PM,2018-09-22,שד' הנשיא 140 מרכז הכרמל חיפה 12438 Haifa Israel,אודיטוריום חיפה,haifa,https://www.facebook.com/events/2005970559455438/?acontext=%7B%22ref%22%3A110%2C%22source%22%3A2%2C%22source_dashboard_filter%22%3A%22discovery%22%2C%22action_history%22%3A%22[%7B%5C%22surface%5C%22%3A%5C%22discover_filter_list%5C%22%2C%5C%22mechanism%5C%22%3A%5C%22surface%5C%22%2C%5C%22extra_data%5C%22%3A%7B%5C%22dashboard_filter%5C%22%3A%5C%22discovery%5C%22%7D%7D]%22%2C%22has_source%22%3Atrue%7D,הקרנות בפיאצהכל ערב תחת כיפת השמיים  כל המשפחה  בהרפתקה הגדולה של הטבע... הכניסה חופשית            יום שבת 22.0919:00   טרזן ובת זוגו/ סדריק גיבסון21:15   מנה ראשונה- לילי/ חני דומבה21:30   בראשית/ מרי פרנו קלוד נורידסני             יום ראשון 23.0919:00   פוניו על הצוק ליד הים/ הייאו מיאזאקי21:15   מנה ראשונה- לויתן כחול/ סיוון קדרון21:30   ארץ בראשית/ משה אלפרט             יום שני 24.0919:00   הלורקס/ כריס רנו21:15   מנה ראשונה- Head On/ ליאור בן חורין21:30   מיקרוקוסמוס/ קלוד נורידסני מארי פרנאו             יום שלישי 25.0919:00   טרזן מלך הקופים/ יו האדסון21:15   מנה ראשונה- עורבים ארורים/ ענבל גרוסמן רותם חרמוני רועי צור שי בלומנקרנץ21:30   עולם גדול ומופלא/ אלסטייר פות'רגויל מארק לינפילד           יום רביעי 26.0919:30   דוקו דאנס/ יעל פרלוב (פלאשמוב- הילה חסין נור نور- אורי בירגר גדי מלך ישראל- עידו ויסמן)21:00   הרקדה/ גדי ביטון ירון כרמל             יום חמישי 27.0918:45   תזמורת הבוגרים של חיפה19:45   הילד והעולם/ אלה אבראו21:30   ארץ בראשית/ משה אלפרט             יום שישי 28.0919:00   פוניו על הצוק ליד הים/ הייאו מיאזאקי21:15   מנה ראשונה- אוט /רועי צור ורותם חרמוני21:30   עולם גדול ומופלא/ אלסטייר פות'רגויל מארק לינפילד             יום שבת 29.0919:00   הלורקס/ כריס רנו21:15   מנה ראשונה-פאזל/ סתיו לוי תחרות הליכה/ וניה היימן21:30   בראשית/ מרי פרנו קלוד נורידסני             יום ראשון 30.0919:00   טרזן ובת זוגו/ סדריק גיבסון21:15   מנה ראשונה- משום מקום/ יסכה מאיו ומעין צוראיל21:30   מיקרוקוסמוס/ קלוד נורידסני מארי פרנאו             יום שני 01.1019:00   הילד והעולם/ אלה אבראו21:15   מנה ראשונה- קרגו/ אלה טבוריסקי ועינת נגר21:30   טרזן מלך הקופים/ יו האדסון*מארגני האירוע לא אחראיים - אחריות על מארגני פסטיבל הסרטים,false
‎חיפה | דיויד סולומון: כלים מעשיים לשיפור קבלת החלטות בחיים‎,https://scontent.ftlv4-1.fna.fbcdn.net/v/t1.0-0/s526x296/39453369_2164754396891932_6905452563152240640_n.jpg?_nc_cat=0&oh=e82c6185417a417531883a1728f0bf70&oe=5C2DEA11,8 PM,9:30 PM,2018-09-22,חלוצי התעשייה 114 26201 Qiryat Haiyim Hefa Israel,פיל או סוף,haifa,https://www.facebook.com/events/2012286202435343/?acontext=%7B%22ref%22%3A110%2C%22source%22%3A2%2C%22source_dashboard_filter%22%3A%22discovery%22%2C%22action_history%22%3A%22[%7B%5C%22surface%5C%22%3A%5C%22discover_filter_list%5C%22%2C%5C%22mechanism%5C%22%3A%5C%22surface%5C%22%2C%5C%22extra_data%5C%22%3A%7B%5C%22dashboard_filter%5C%22%3A%5C%22discovery%5C%22%7D%7D]%22%2C%22has_source%22%3Atrue%7D,| מחיר כרטיס: 50 ש"ח | **שימו ♥ ! לא תהיה מכירת כרטיסים במקום לפרטים נוספים וכרטיסים לחצו כאן >> http://bit.ly/2OQjipwמהם הכלים הפרקטיים שכל אחד מכם יכול להשתמש על מנת לקבל החלטה נכונה?Stop Think and Goדיויד סלומון יועץ ארגוני ומנטור בעל ניסיון רב שנים יתארח ב- Funzing Talks להרצאה ייחודית בה תזכו לקבל וליישם ארבעה כלים מרכזיים שישפרו את יכולת קבלת ההחלטות שלכם למען עתיד מאושר (ומעושר) יותר. ההרצאה מתאימה לכל אחד ואחת ויכולה להיות מיושמת בכל תחום בחיים.תכליתם של כלים אלו הם לשדרג את כושר איכות קבלת החלטותיכם בכל הצמתים - האישיים המקצועיים והחברתיים. במהלך ההרצאה כל משתתף ילמד ויכיר את הטיפולוגיה האישית שלו ואת הדפוסים שלו בנוגע לאופן בו הוא מקבל החלטות. תלמדו לזהות ולבצע בכל צומת החלטה.דיויד סלומון הוא יועץ ארגוני ומנטור בעל 25 שנות ניסיון. הוא עובד עם מוסדות וארגונים נבחרים כמו: חיל האוויר הישראלי IBM ארו ישראל וחברות נוספות ומובילות במשק. הוא מלווה מנכ"לים בעלי עסקים וספורטאים מצטיינים.להורדת אפליקציית Funzing הקליקו >> http://bit.ly/2OYknfPלהצטרפות לקבוצת ההרצאות Funzing Talks בחיפה >> http://bit.ly/2I7OIVxלצפייה בכל ההרצאות בחיפה >> http://bit.ly/2FrNer2,false
‎מדיה נוצ'ה חיפה- מתארחת בפסטיבל הסרטים / ميديا نوتشا حيفا‎,https://scontent.ftlv4-1.fna.fbcdn.net/v/t1.0-0/s526x296/41942274_1933029847000498_2769872804881891328_n.jpg?_nc_cat=0&oh=1209a2b446ad51f0b2e6e09de5c2cc9a&oe=5C24F591,10 PM,12 AM,2018-09-22,142 Hanassi Ave 34633 Haifa Israel,Haifa International Film Festival | פסטיבל הסרטים הבינלאומי חיפה,haifa,https://www.facebook.com/events/1848225888547589/?acontext=%7B%22ref%22%3A110%2C%22source%22%3A2%2C%22source_dashboard_filter%22%3A%22discovery%22%2C%22action_history%22%3A%22[%7B%5C%22surface%5C%22%3A%5C%22discover_filter_list%5C%22%2C%5C%22mechanism%5C%22%3A%5C%22surface%5C%22%2C%5C%22extra_data%5C%22%3A%7B%5C%22dashboard_filter%5C%22%3A%5C%22discovery%5C%22%7D%7D]%22%2C%22has_source%22%3Atrue%7D,מדיה נוצ'ה חיפה היא קבוצה של אנשים שמארגנת ערבי סלסה קובנית (שיעורים ומסיבות) חינם! מתוך שני עקרונות:1. מי שיודע מלמד את מי שלא יודע2. אם לא נעשה - לא יהיה. *****************************************************************************🎥 השבוע נפגש למסיבת סלסה קובנית בערב הפותח של פסטיבל הסרטים הבינ"ל ה-34 חיפה 🎥כתובת:רחבת הסינמטק שדרות הנשיא 131 חיפהשיהיה מדיה נוצ'ה שמח לכולם!*****************************************************************************Media Noche Haifa is a group of people who organize Cuban salsa evenings (classes and parties) for free and follows two principles:1. Those who know- teach those who do not know2. If we want something done- lets just do it. ********************************************** ***************************Dear friends!🎥 This week we will meet for Cuban Salsa party on the opening night of the 34th International Film Festival in Haifa 🎥Happy Media Noche for everyone!,false
ｙａｓｏｕ,https://scontent.ftlv4-1.fna.fbcdn.net/v/t1.0-0/p526x296/41965150_966306443555799_7736415279072149504_n.jpg?_nc_cat=0&oh=73e60f12f8bfa20bd7700f4ff245e815&oe=5C299E2E,9:30 PM,-,2018-09-22,אח"י אילת 69 2626957 Kiryat Hayim Hefa Israel,ברברוסה קריות (Barbarossa),haifa,https://www.facebook.com/events/256998254955417/?acontext=%7B%22ref%22%3A110%2C%22source%22%3A2%2C%22source_dashboard_filter%22%3A%22discovery%22%2C%22action_history%22%3A%22[%7B%5C%22surface%5C%22%3A%5C%22discover_filter_list%5C%22%2C%5C%22mechanism%5C%22%3A%5C%22surface%5C%22%2C%5C%22extra_data%5C%22%3A%7B%5C%22dashboard_filter%5C%22%3A%5C%22discovery%5C%22%7D%7D]%22%2C%22has_source%22%3Atrue%7D,שמחים לארח את רמי יהודה לערב יווני מספר 2. קנינו מלא צלחות חדשות כי שברתם הכל בפעם האחרונה 🍽🍽🍽🍽 חידשנו את מלאי האוזו ולמדנו את המילים של antipas - arage  בעל פה🎤🎼לכם נשאר רק להזמין מקום ולבוא055-9408891 / 0528777339( וואטסאפ בלבד ),false
‎מיכל אהרוני מגיעה לאלי'ז‎,https://scontent.ftlv4-1.fna.fbcdn.net/v/t1.0-0/p235x350/39023708_2022977794388368_644417859459481600_n.jpg?_nc_cat=0&oh=b0a4cb850bfe18c1a924bd8a97719f21&oe=5C254115,9 PM,12 AM,2018-09-22,Jaffa 35 Haifa Israel,Eli's Pub,haifa,https://www.facebook.com/events/308616979698564/?acontext=%7B%22ref%22%3A110%2C%22source%22%3A2%2C%22source_dashboard_filter%22%3A%22discovery%22%2C%22action_history%22%3A%22[%7B%5C%22surface%5C%22%3A%5C%22discover_filter_list%5C%22%2C%5C%22mechanism%5C%22%3A%5C%22surface%5C%22%2C%5C%22extra_data%5C%22%3A%7B%5C%22dashboard_filter%5C%22%3A%5C%22discovery%5C%22%7D%7D]%22%2C%22has_source%22%3Atrue%7D,איזה כיף לנו!מיכל אהרוני בת 31 הוד השרונית במקור. בוגרת רימוןמוציאה בקרוב את אלבום הבכורה שלי בהפקתו של ארז רוסו ("ג'ירפות" "רוסו & ויינברג")ממנו יצא כבר סינגל אחד בשם "אובססיות".הזמרת המיוחדת הזו מגיעה לתת לנו הופעה מעורבת בצחוק ובכי על השגיאות הקטנות שכולנו עושים בעניינים שבינו לבינה:)כניסה: 20 ש"ח,false
‎מכבי חיפה - מכבי פתח תקווה (מחזור 4 ליגת ג'פניקה)‎,https://scontent.ftlv4-1.fna.fbcdn.net/v/t1.0-0/s526x296/41546099_2088946671139037_3158966665459269632_n.jpg?_nc_cat=0&oh=657642c8e4c405bd1b75ca9e857f570a&oe=5C61E3A1,7:45 PM,9:45 PM,2018-09-22,רח' פנחס ואברהם רוטנברג חיפה Haifa Israel,Sammy Ofer Stadium,haifa,https://www.facebook.com/events/267799700523678/?acontext=%7B%22ref%22%3A110%2C%22source%22%3A2%2C%22source_dashboard_filter%22%3A%22discovery%22%2C%22action_history%22%3A%22[%7B%5C%22surface%5C%22%3A%5C%22discover_filter_list%5C%22%2C%5C%22mechanism%5C%22%3A%5C%22surface%5C%22%2C%5C%22extra_data%5C%22%3A%7B%5C%22dashboard_filter%5C%22%3A%5C%22discovery%5C%22%7D%7D]%22%2C%22has_source%22%3Atrue%7D,ליגת ג'פניקה מחזור 4,false
‎קריוקי כי אתם אוהבים לשיר!‎,https://scontent.ftlv4-1.fna.fbcdn.net/v/t1.0-0/p526x296/41992192_1937039316597072_846429288289796096_n.jpg?_nc_cat=0&oh=bccc16bf95d1a268a336f3197ff2b0aa&oe=5C21BC7D,10:30 PM,3:30 AM,2018-09-22,שדרות ההסתדרות 35 ציק פוסט Haifa Israel,הבקתה Plus,haifa,https://www.facebook.com/events/2095976573987927/?acontext=%7B%22ref%22%3A110%2C%22source%22%3A2%2C%22source_dashboard_filter%22%3A%22discovery%22%2C%22action_history%22%3A%22[%7B%5C%22surface%5C%22%3A%5C%22discover_filter_list%5C%22%2C%5C%22mechanism%5C%22%3A%5C%22surface%5C%22%2C%5C%22extra_data%5C%22%3A%7B%5C%22dashboard_filter%5C%22%3A%5C%22discovery%5C%22%7D%7D]%22%2C%22has_source%22%3Atrue%7D,ערב קריוקי משובח ומשמח ביותר!עם שמעון וקנין וGal Sabag התותחיםם !!!שפע של מוסיקה טובה קטעי קריוקי עם שירים אהובים  ריקודים  אלכוהול איכותיפינוקים הפתעות וים של שמח ! הכניסה ללא עלות אך בהזמנת מינימום 50 שח !מתאים למסיבות ובילוי קבוצתי ! תגיעו לזייף בכיף !,false
‎ירושלים - מפגינים נגד שחיתות שלטונית וחקיקה אנטי דמוקרטית‎,https://scontent.ftlv4-1.fna.fbcdn.net/v/t1.0-0/s526x296/26166988_1989908514631343_3450660543247163005_n.jpg?_nc_cat=0&oh=1927a64dfe27160f3b1ddcc8914ecd5c&oe=5C228045,7 PM,9 PM,2018-09-22,No_Info,No_Info,haifa,https://www.facebook.com/events/2111724225780256/?acontext=%7B%22ref%22%3A110%2C%22source%22%3A2%2C%22source_dashboard_filter%22%3A%22discovery%22%2C%22action_history%22%3A%22[%7B%5C%22surface%5C%22%3A%5C%22discover_filter_list%5C%22%2C%5C%22mechanism%5C%22%3A%5C%22surface%5C%22%2C%5C%22extra_data%5C%22%3A%7B%5C%22dashboard_filter%5C%22%3A%5C%22discovery%5C%22%7D%7D]%22%2C%22has_source%22%3Atrue%7D,מהפגנה קטנה הפכנו לצונמי ארצי בואו להפגין איתנו כל מוצ״ש נגד השחיתות שמאיימת על המדינה.ההפגנות למען מדינה נקיה משחיתות ומשתתפים בהם כל מוצ"ש אנשים מכל הקשת הפוליטית.קומו מהכורסה צאו מהבית ובואו להפגין למען עתיד המדינה ועתיד ילדינו!תביאו דגלים שלטים תופים והכי חשוב בואו עם כל בני משפחה השכנים החברים ושתפו את האיוונט בפייסבוק בוואטסאפ במייל ובכל דרך אחרת כי הכוח בידכם.מוקדי הפגנות נוספים: ~~~~~~~~~~~~~~~~~~~~תל אביב - כיכר הבימהראש פינה - צומת ראש פינהעמק הירדן - צומת צמחנהריה - צומת נהריה ליד התותחחיפה - אודיטוריום מרכז הכרמלעפולה - כיכר העצמאות שד' הנשיא 12פרדס חנה כרכור - צומת כרכורעמק חפר - צומת העוגןרעננה - צומת רעננהנס ציונה - צומת וייצמן בן-גוריוןרחובות - בכניסה למכון וייצמןקרית גת - צומת פלוגותמודיעין - צומת שילתירושלים - כיכר פריזבאר שבע - מרכז מורים אילת - מרכז פנינת אילת,false
‎‎סיור לילה - סודות העיר התחתית‎,https://scontent.ftlv4-1.fna.fbcdn.net/v/t1.0-0/p280x280/41731734_308048953116366_5261230157577846784_n.jpg?_nc_cat=0&oh=d677ac81a2f96c8ce00681158067a856&oe=5C610CB6,6:30 PM,9 PM,2018-09-22,No_Info,עיר תחתית חיפה,haifa,https://www.facebook.com/events/249037189145303/?acontext=%7B%22ref%22%3A110%2C%22source%22%3A2%2C%22source_dashboard_filter%22%3A%22discovery%22%2C%22action_history%22%3A%22[%7B%5C%22surface%5C%22%3A%5C%22discover_filter_list%5C%22%2C%5C%22mechanism%5C%22%3A%5C%22surface%5C%22%2C%5C%22extra_data%5C%22%3A%7B%5C%22dashboard_filter%5C%22%3A%5C%22discovery%5C%22%7D%7D]%22%2C%22has_source%22%3Atrue%7D,מתחשק לכם לשמוע את הסיפורים הכי מעניינים על העיר שנולדה נחדש? רוצים להכיר את ההיסטוריה לטעום מחיי הלילה השוקקים ולטעום בירה במבשלת ישראלית? הצטרפו לסיור הקסום של דניאל בעיר התוססת חיפה! בין אם אתם חושבים שאת מכירים את חיפה ובין אם מעולם לא הגעתם לעיר התחתית אתם מוזמנים לסיור מיוחד וחוויתי שיחשוף בפניכם את העיר שלא הכרתם! בסיור תלמדו על ההיסטוריה של חיפה תוך התוודעות לחיי הלילה השוקקים.תענו על שאלות חשובות ומעניינות וביניהן -איזה אוצר מתחבא בכספת הבנק הציוני?כיצד עוצבה דמותו של גדול חסידי אומות העולם?כיצד קשורים הקסאמים מעזה לעיר התחתית של חיפה?מי שבר את האצבעות לאמני הגרפיטי?כמה פאבים יש בעיר התחתית ואיזהו הפאב העתיק בארץ?הסיור יתחיל בכיכר פריז שחזרה להיות מרכזה של העיר התחתית. משם תצאו למסע אחורה בזמן במדרחוב תמונות מעברה של העיר תמשיכו אל מגדל השעון ותחצו את הים אל עבר רחוב הנמל על מנת להכיר את סצנת הגרפיטי של חיפה. לאחר מכן תגיעו אל נמל העיר ובו תשמעו את סיפורו של חוזה המדינה תבקרו בתחנות היסטוריות נוספות משתנות שילמדו על תהליכים המשפיעים על העיר ותסיימו את הסיור בשוק הטורקי וכיכר פריז שבדיוק מתעוררים לחיים. במהלך הסיור תבקרו במספר פאבים מיוחדים ומעניינים ותעצרו לטעימת בירה במבשלת ישראלית. מה תקבלו?סיור מרתק אינפורמטיבי ומפתיע של שכונה עם היסטוריה ששינתה פניה.טעימות בירה במבשלה ישראליתחוויה ייחודית של הדרכה במגוון תחומים: היסטוריה חיי לילה גרפיטי ציונות ועודhttps://www.funzing.com/sd/sWohjPלהזמנת סיור פרטי למשפחה וחברים פנו אליי ישירות058-6048428IsraelWithFun@gmail.com,false
‎Eyal Weisz - Inspirations From Life at Alf Haifa - אייל וייס‎,https://scontent.ftlv4-1.fna.fbcdn.net/v/t1.0-0/q84/s526x296/41861120_1933534000273969_8556910034410274816_n.jpg?_nc_cat=0&oh=17b3c4f6bbfb95b27cf34750915591de&oe=5C5AF22E,9 PM,11 PM,2018-09-22,44 jaffa road 3341204 Haifa Israel,ALF חיפה,haifa,https://www.facebook.com/events/519683728504307/?acontext=%7B%22ref%22%3A110%2C%22source%22%3A2%2C%22source_dashboard_filter%22%3A%22discovery%22%2C%22action_history%22%3A%22[%7B%5C%22surface%5C%22%3A%5C%22discover_filter_list%5C%22%2C%5C%22mechanism%5C%22%3A%5C%22surface%5C%22%2C%5C%22extra_data%5C%22%3A%7B%5C%22dashboard_filter%5C%22%3A%5C%22discovery%5C%22%7D%7D]%22%2C%22has_source%22%3Atrue%7D,הצטרפו אלי למסעניפגש יחדיו ונמריאנתמקד נעבור תהליך עם עצמנוונעזר במוסיקה כדי להגיע למחוזות חדשיםכל אחד מהלחנים ייקח אותנו לנקודה אחרת מחיי היומיום שלנו ויאפשר לנו להתמודד איתה ולגדול משם.על המוסיקה:המוסיקה במופע תהיה אינסטרומנטלית ומגוונת ותעבור במחוזות הג'אז פיוזן פרוגרסיב סווינג רוק משחקי מחשב בוסה נובה צ'יל אאוט מוסיקה מדיטטיבית ובנוסף תהיה גם קצת מוסיקה אלקטרונית. ייתכנו גם מעט נויס מייקינג סאונד ארט ומוסיקה אקספרימנטלית.סקרנים לשמוע? להלן דוגמא: https://www.youtube.com/watch?v=NqkiWo74X88על אייל:זוכה בתחרות טכנולוגיות מוסיקה בינלאומית (MTF Berlin) וכן בפרסים בתחומי המחקר והפיתוח והחינוך הבלתי פורמלי. מיצגים ופרויקטים בהם לקח חלק זכו לחשיפה בינלאומית והוצגו ברחבי הארץ אירופה וארה"ב. הוביל ג'אמים זכה להתארח באלתור עם נגנים בינלאומיים (Yossi Sassi Bumblefoot & Band) הופיע עם עיבודי FingerStyle שיצר מפתח טכנולוגיות מוסיקה מערכות וכלי נגינה אלקטרוניים ומופיע עם לחניו המקוריים בשילוב מיצג אמנות טכנולוגי לכדי מסע כפול בלייב על הבמה.על המפגש הנוכחי:הפעם התוכן יתמקד בעיקר במוסיקה אינסטרומנטלית לגיטרה חשמלית. המופע יתקיים רגע לאחר חזרתו של אייל מפסטיבל טכנולוגיות מוסיקה בסטוקהולם שוודיה בו לקח חלק בקבוצת אמנים טכנולוגיים-מוסיקליים אשר נבחרו בקפידה מבין מועמדים מכל העולם. חודש ספטמבר ידוע כחודש של התחלות חגים ושינויים. ניפגש ב-ALF מקום טבעוני וטעים וניקח את הערב לעצמנו בכדי לצבור כוחות השראה ותובנות לקראת השנה החדשה וההתחלות שיבואו עימה.המופע יהיה בכובע בתשלום לפי רצונכם ויכולתכם. ההכנסות ישמשו לטובת כיסוי הוצאות האמן והתקדמות הפרויקט על מנת לתת השראה בצורה הטובה ביותר.למידע נוסף על עשייתו של אייל מוזמנים להיכנס לקישורים הבאים:עמוד האמן (מוזמנים להיכנס ולעשות לייק על מנת להתעדכן ולהפיץ את השמועה)https://www.facebook.com/EyalWeiszMusicTechאתר המופע והמיצג (מומלץ להיכנס מהמחשב גירסה לטלפון תפותח בקרוב)http://inspiration.ninjaפורטפוליו (מומלץ להיכנס מהמחשב גירסה לטלפון תפותח בקרוב) http://eyalweisz.comלהרשמה לקבלת עדכונים:https://drive.google.com/open?id=1q160KJZyHLdYQGAvyygL39xPtDN_5-BY12FVgkMhrfk,false
‎תום ונגה עושים היסטוריה‎,https://scontent.ftlv4-1.fna.fbcdn.net/v/t1.0-0/p526x296/42126752_308853673031807_6478335073635532800_n.jpg?_nc_cat=0&oh=915236b0d57675cbc3af8049b16982b5&oe=5C20D8ED,2 PM,11 PM,2018-09-22,Khayat 1 3326123 Haifa Israel,Bâtard - Wine & Cocktail Bar,haifa,https://www.facebook.com/events/296387227842751/?acontext=%7B%22ref%22%3A110%2C%22source%22%3A2%2C%22source_dashboard_filter%22%3A%22discovery%22%2C%22action_history%22%3A%22[%7B%5C%22surface%5C%22%3A%5C%22discover_filter_list%5C%22%2C%5C%22mechanism%5C%22%3A%5C%22surface%5C%22%2C%5C%22extra_data%5C%22%3A%7B%5C%22dashboard_filter%5C%22%3A%5C%22discovery%5C%22%7D%7D]%22%2C%22has_source%22%3Atrue%7D,תום ונגה הנפלאים לערב מרתק!הם במטבח אנחנו על היין והקוקטיילים.חוויה קולינרית שעוד לא נראתה כמוה בחיפה.מנות יחודייות וחד פעמיות.שני סרוויסים אחד ב;14:00 ואחד נוסף ב18:00.התפריט יהיה סגור עם מספר מסלולים לבחירה וכולל שתיה (ברור אלכוהולית) המלווה את המנות בהתאמהנא להזמין ולשריין מקומות ולעדכן לגבי אלרגיות ועוד מגבלות אכילה...להזמנת מקומות:תום: 054-5604370נגה: 054-6364381,false
‎מחזור 4 : מכבי חיפה - מכבי פתח תקווה( לעולם לא תצעדי לבד)‎,https://scontent.ftlv4-1.fna.fbcdn.net/v/t1.0-0/p235x350/37003649_1879594555438184_477905804209422336_n.jpg?_nc_cat=0&oh=799ed235f2b052bb3726ceaaa91df5af&oe=5C5BDBD9,7:45 PM,10:45 PM,2018-09-22,No_Info,No_Info,haifa,https://www.facebook.com/events/513794895705696/?acontext=%7B%22ref%22%3A110%2C%22source%22%3A2%2C%22source_dashboard_filter%22%3A%22discovery%22%2C%22action_history%22%3A%22[%7B%5C%22surface%5C%22%3A%5C%22discover_filter_list%5C%22%2C%5C%22mechanism%5C%22%3A%5C%22surface%5C%22%2C%5C%22extra_data%5C%22%3A%7B%5C%22dashboard_filter%5C%22%3A%5C%22discovery%5C%22%7D%7D]%22%2C%22has_source%22%3Atrue%7D,מכבי חיפה תארח את מכבי פ"ת במסגרת ליגת העל מחזור 4 באיצטדיון סמי עופר ביום  שבת 22.9.2018 בשעה 19:45כולם באים מכבי חיפה לעולם לא תצעד ילבדיצאו כרטיסים http://stadium.mhaifafc.com/gameInfo.asp?gameID=9015&lang=he&siteLogin=False,false
‎ג׳אם קונטקט חיפה‎,https://scontent.ftlv4-1.fna.fbcdn.net/v/t1.0-0/p526x296/42125582_1892522514126781_2466077896746205184_n.jpg?_nc_cat=0&oh=f54cfc191c500203ddd6ac5c9c4cbe5b&oe=5C60AB8B,7:30 PM,10:30 PM,2018-09-22,העליה השניה 27 בת גלים Haifa Israel,בית תנועה- מקום לתנועה ויצירה בבת גלים - Beitnua,haifa,https://www.facebook.com/events/1935487903175187/?acontext=%7B%22ref%22%3A110%2C%22source%22%3A2%2C%22source_dashboard_filter%22%3A%22discovery%22%2C%22action_history%22%3A%22[%7B%5C%22surface%5C%22%3A%5C%22discover_filter_list%5C%22%2C%5C%22mechanism%5C%22%3A%5C%22surface%5C%22%2C%5C%22extra_data%5C%22%3A%7B%5C%22dashboard_filter%5C%22%3A%5C%22discovery%5C%22%7D%7D]%22%2C%22has_source%22%3Atrue%7D,ג׳אם קונטקט!!  כל שבת שנייה ורביעית של החודשגיאם קונטקט אימפרוביזציה עם חימום מונחה.כולם מוזמנים אין צורך בניסיון קודם.בואו כפי שאתם נהנה מריקוד ומתנועה באווירה נעימה ומכילה.איפה?בית תנועה העלייה השנייה 27 בת גלים חיפה. (בתוך בית הספר היסודי).עלות:40 ש״ח.נתראה בקרוב!לפרטים : קיארה 0542042916,false
‎אנרגיה חדשה : איזון אלמנטים אדמה/רוח/אש/מים - בחיפה‎,https://scontent.ftlv4-1.fna.fbcdn.net/v/t1.0-9/s720x720/39846774_699845743704890_5565400763682783232_o.jpg?_nc_cat=0&oh=08a2040748d197b96dfb7fe956eac904&oe=5C5C8F44,8:30 PM,10:30 PM,2018-09-22,קדימה 3446128 Haifa Israel,מחשבות טהורות - ריפוי באנרגיה ומחשבה,haifa,https://www.facebook.com/events/607246313035487/?acontext=%7B%22ref%22%3A110%2C%22source%22%3A2%2C%22source_dashboard_filter%22%3A%22discovery%22%2C%22action_history%22%3A%22[%7B%5C%22surface%5C%22%3A%5C%22discover_filter_list%5C%22%2C%5C%22mechanism%5C%22%3A%5C%22surface%5C%22%2C%5C%22extra_data%5C%22%3A%7B%5C%22dashboard_filter%5C%22%3A%5C%22discovery%5C%22%7D%7D]%22%2C%22has_source%22%3Atrue%7D,מפגשי למידה של האנרגיה החדשהבכל מוצ"ש – במהלך אוגוסט ספטמבר אוקטובר 2018 יתקיימו מפגשי למידה מונחים של האנרגיה החדשה בהובלה ובהנחייתה של איזבלה בן אהרן הילרית מלווה וחונכת מטפלים ומורה של האנרגיה החדשה. מהות המפגשים: הבנה של האנרגיה החדשה באמצעות השכל חוויתה באמצעות הגופנפש וחיבור למקום של תודעה. (רוח)במפגשים נחזק את ההקשבה ותשומת הלב את האמון כי האני הגבוה שלנו יודע מה לעשות עם האנרגיה הזו והיכן להתמיר אותה בחיינו. במפגש זה  האנרגיה החדשה מזמינה אותנו להתחבר לשני הממדים – גם הממד השלישי – הארצי וגם לממד החמישי – העל גשמי דרך האיזון. היא מזמינה אותנו לאזן את עצמנו מבחינת האלמנטים – אדמה מים אש אויר אדמה – אלה כל הנושאים הקשורים לפרנסה הישרדות משפחה ילדים חיים גשמייםמים – אלה כל הנושאים הקשורים לרגשות תחושות יצרים רצוןאש – אלה כל הנושאים הקשורים ליצירה אהבה שלום השראהואויר – אלה כל הנושאים הקשורים לביטוי עצמי תודעה חיבור לתודעת-עלבמפגש זה נכיר את האלמנטים בתוך עצמנו נלמד כלי לאיזון האלמנטים שניתן להשתמש בו באופן אישי ונייצר חלל בתוכנו - לצורך התמרה של האנרגיה החדשה. מומלץ למי שעבר כמה מפגשים של "האנרגיה החדשה" מפגש זה  ייתן הרבה כוח אנרגיה ותמיכה בהטמעה והתמרת האנרגיה החדשה הזו בתוכנו תוך כדי פירוק של דפוסים ואמונות שאינם משרתים אותנו עוד. עלות למשתתף/ת 120 ש"ח. ניתן לשלם במזומן במפגש עצמו. המפגש ייארך כשעתיים. נושאים של המפגשים עפ"י סדר כרונולוגי: 18.8  מבוא : זיהוי האנרגיה החדשה ביחס לאנרגיה ישנה 25.8  התיחסות לשינוי בעידן האנרגיה החדשה 1.9    הבחירה החופשית והבנה חדשה שלה 8.9    ילדים והאנרגיה החדשה 15.9  פעולות האנרגיה החדשה – מיוזמה חיצונית ליוזמה פנימית 22.9 איזון אלמנטים : אדמה רוח אש ומים 6.10 תודעת שפע אמיתית מהי 13.10 התמודדות עם שינויים של האנרגיה  החדשה – גופ נפש רוח. שמונה מפגשים. שמונה פעימות. סנכרון של הגלגולים האקרמתיים ושחרורם - לכיוון של שינוי הבנה חדשה ושינוי תודעה . מוזמנים ומוזמנות באהבה. ליצירת קשר אפשר לפנות בטלפון 0507467550,false
15 игра. Мафия в Хайфе,https://scontent.ftlv4-1.fna.fbcdn.net/v/t1.0-0/p526x296/41836318_1094930424005972_9139284999629963264_n.jpg?_nc_cat=0&oh=04b1fd2f0d0a6c76c56ed7318878b9d0&oe=5C1A5902,6 PM,11:59 PM,2018-09-22,Nordau 31 3312406 Haifa Israel,Люксурия - красота и здоровье на высшем уровне с лучшими специалистами,haifa,https://www.facebook.com/events/235631380447488/?acontext=%7B%22ref%22%3A110%2C%22source%22%3A2%2C%22source_dashboard_filter%22%3A%22discovery%22%2C%22action_history%22%3A%22[%7B%5C%22surface%5C%22%3A%5C%22discover_filter_list%5C%22%2C%5C%22mechanism%5C%22%3A%5C%22surface%5C%22%2C%5C%22extra_data%5C%22%3A%7B%5C%22dashboard_filter%5C%22%3A%5C%22discovery%5C%22%7D%7D]%22%2C%22has_source%22%3Atrue%7D,Мафия. Да да...Суббота выходит Мафия приходит. Зарядитесь настроением в умной и доброй компании. Пропустите Эмоцию через Разум. Стоимость вечера 30 шек. Мы скидываемся по 20 шек. на спиртное вкусную еду и разумеется чай/кофе.Приходите сами записывайте друзей!,false
22.09.2018 Караоке В Школе :),https://scontent.ftlv4-1.fna.fbcdn.net/v/t1.0-0/p526x296/42059406_2027351580650251_62721894209552384_n.jpg?_nc_cat=0&oh=1405e1acf96aee08df3f1c16f9621a3c&oe=5C5FBC89,9 PM,2:30 AM,2018-09-22,Pal Yam 14 33095 Haifa Israel,Skola,haifa,https://www.facebook.com/events/190321011763571/?acontext=%7B%22ref%22%3A110%2C%22source%22%3A2%2C%22source_dashboard_filter%22%3A%22discovery%22%2C%22action_history%22%3A%22[%7B%5C%22surface%5C%22%3A%5C%22discover_filter_list%5C%22%2C%5C%22mechanism%5C%22%3A%5C%22surface%5C%22%2C%5C%22extra_data%5C%22%3A%7B%5C%22dashboard_filter%5C%22%3A%5C%22discovery%5C%22%7D%7D]%22%2C%22has_source%22%3Atrue%7D,22.09.2018Караоке а Школе!Ведущий вечера - Алик!С большинство выбором ПЕСЕН в Škola Karaoke Club Haifa!!!Субботний караоке в Школе!!!Потрясающая атмосфера  умопомрачительные коктейли от Школьных барменов и исключительно позитивное настроение 😇Škola Karaoke Club - Приглашаем всех своих друзей постоянных гостей любителей попеть и просто любителей отдохнуть к нам в Школу!Караоке Будем Петь Себя Показывать и На Других Смотреть!Караоке ПО-Школьному - Пьём Поём Гуляем!Заказ Мест: 048663388,false
‎Films et évènements français / סרטים ואירועים צרפתיים‎,https://scontent.ftlv4-1.fna.fbcdn.net/v/t1.0-0/s600x600/42229151_10157831993849942_6832704888128929792_n.jpg?_nc_cat=0&oh=61836ee3a678f79e484057bc3e920b8c&oe=5C605E6B,12 PM,10:15 PM,2018-09-22,שדרות הנשיא 142 3463207 Haifa Israel,סינמטק חיפה,haifa,https://www.facebook.com/events/263649960925849/?acontext=%7B%22ref%22%3A110%2C%22source%22%3A2%2C%22source_dashboard_filter%22%3A%22discovery%22%2C%22action_history%22%3A%22[%7B%5C%22surface%5C%22%3A%5C%22discover_filter_list%5C%22%2C%5C%22mechanism%5C%22%3A%5C%22surface%5C%22%2C%5C%22extra_data%5C%22%3A%7B%5C%22dashboard_filter%5C%22%3A%5C%22discovery%5C%22%7D%7D]%22%2C%22has_source%22%3Atrue%7D,Festival international du film à Haïfa – Une riche programmation française !Du 22 septembre au 1er octobre 2018Cinémathèque de HaïfaLa 34ème édition du festival propose une sélection variée de films français et reçoit de prestigieux invités français parmi lesquels les acteurs Laëtitia Eïdo et Gilles Cohen les réalisateurs Nurith Aviv Christian Pétron et Erick Zonca les producteurs Sandrine Brauer et Alex Berger et les scénaristes Lou de Fanget Signolet et Olivier Dujols. En hommage à Agnes Varda le festival présentera une rétrospective des films de la célèbre réalisatrice. Le festival organise cette année un évènement particulier : une rencontre entre les brillantes séries française et israélienne sur les services secrets Le Bureau des légendes et Fauda.Retrouvez la sélection des films français ainsi que les évènements à ne pas manquer !En savoir plus :http://urlz.fr/7NRBפסטיבל הסרטים הבינ"ל ה-34 חיפה - מבחר סרטים צרפתיים עשיר ואירועים מיוחדיםמה-22.9 עד ה-1.10סינמטק חיפההמהדורה ה-34 של הפסטיבל מציעה השנה לא פחות מ-17 סרטים צרפתיים ביניהם רטרוספקטיבה של הבימאית הנודעה אנייס ורדה. הפסטיבל גם יארח השנה אורחים רבים מעולם הקולנוע הצרפתי: השחקנים ג'יל כהן ולטיסיה איידו הבמאים כריסטיאן פטרון נורית אביב אריק זונקה המפיקים סנדרין ברואר ואלקס ברגר והתסריטאים לו דה פאנג'ה-סיג'נולט ואולייביה דוג'ול. עוד בפסטיבל - מפגש מיוחד בין נציגים של הסדרות "הלשכה" (צרפת) ו"פאודה" (ישראל) בפאנל על סדרות ריגול וגיבוריהם החיים תחת זהות בדויהצפו ברשימת הסרטים הצרפתיים בפסטיבל וגם באיררועים המיוחדיםלמידע נוסף: http://urlz.fr/7NRD,false
‎טיול ליל ירח מלא ממעגן מיכאל לקיסריה‎,https://scontent.ftlv4-1.fna.fbcdn.net/v/t1.0-0/q84/p526x296/42215360_322289645028106_2101139774055120896_n.jpg?_nc_cat=0&oh=d324115d86128783f26b3f3779120bd7&oe=5C1D2CCC,5 PM,11 PM,2018-09-22,אלון הגליל  ד.נ המוביל 179200 Haifa Israel,לשיר עם ליאורה,haifa,https://www.facebook.com/events/315723612567288/?acontext=%7B%22ref%22%3A110%2C%22source%22%3A2%2C%22source_dashboard_filter%22%3A%22discovery%22%2C%22action_history%22%3A%22[%7B%5C%22surface%5C%22%3A%5C%22discover_filter_list%5C%22%2C%5C%22mechanism%5C%22%3A%5C%22surface%5C%22%2C%5C%22extra_data%5C%22%3A%7B%5C%22dashboard_filter%5C%22%3A%5C%22discovery%5C%22%7D%7D]%22%2C%22has_source%22%3Atrue%7D,נתחיל בשקיעה לאורך החוף עם שירים וגיטרה  נטייל ונשמע סיפורים על שמורות החוף הימיות תל תנינים  ג'סר אזרקא  אמת המים לקיסריה.נסיים עם ארוחה משותפת ושירים אל תוך הלילה לאור הירח.,false
Всегда ухоженные ручки и ножки! 20% скидка на все процедуры!,https://scontent.ftlv4-1.fna.fbcdn.net/v/t1.0-0/p526x296/42272767_2149651352013633_5455795431671857152_n.jpg?_nc_cat=0&oh=ac41757df51d2ae892c76d3d18a52e47&oe=5C1B505D,8:30 AM,1 PM,2018-09-22,Moriya boulevard 35 Carmel Center Haifa Israel Haifa Israel,Центр красоты и здоровья "OptiMed",haifa,https://www.facebook.com/events/551193551982706/?acontext=%7B%22ref%22%3A110%2C%22source%22%3A2%2C%22source_dashboard_filter%22%3A%22discovery%22%2C%22action_history%22%3A%22[%7B%5C%22surface%5C%22%3A%5C%22discover_filter_list%5C%22%2C%5C%22mechanism%5C%22%3A%5C%22surface%5C%22%2C%5C%22extra_data%5C%22%3A%7B%5C%22dashboard_filter%5C%22%3A%5C%22discovery%5C%22%7D%7D]%22%2C%22has_source%22%3Atrue%7D,Дорогие друзья! В нашем Центре работают замечательные мастера:парикмахеры - стилисты косметолог массажисты специалисты по Китайской медицине а так же мастера ногтевого сервиса! До конца сентября и весь октябрь для всех желающих посетить наш Центр красоты и здоровья "OptiMed" -- 20% скидка на все услуги мастера ногтевого сервиса! Запись по тел:050-219-6936 -- Елена,false
‎גלריית חריכת עצים פרקטלית בפסטיבל הסרטים וידאו למטה בתיאור‎,https://scontent.ftlv4-1.fna.fbcdn.net/v/t1.0-0/q82/s600x600/42327032_1915503241897313_1098525662198628352_n.jpg?_nc_cat=0&oh=803e97cab81dedfd6d83504090eb5c1a&oe=5C1567EA,5 PM,11 PM,2018-09-22,שד' הנשיא 140 מרכז הכרמל חיפה 12438 Haifa Israel,אודיטוריום חיפה,haifa,https://www.facebook.com/events/264555507525185/?acontext=%7B%22ref%22%3A110%2C%22source%22%3A2%2C%22source_dashboard_filter%22%3A%22discovery%22%2C%22action_history%22%3A%22[%7B%5C%22surface%5C%22%3A%5C%22discover_filter_list%5C%22%2C%5C%22mechanism%5C%22%3A%5C%22surface%5C%22%2C%5C%22extra_data%5C%22%3A%7B%5C%22dashboard_filter%5C%22%3A%5C%22discovery%5C%22%7D%7D]%22%2C%22has_source%22%3Atrue%7D,התערוכה תעמוד לתצוגה ולמכירה בפסטיבל הסרטים חיפה בתאריכים 22.9-1.10.2018 באודיטוריום חיפה.The collection will be available for viewing and purchasing at Haifa film festival at 22.9-1.10.18 at the Haifa Auditoriumhttp://facebook.com/joatnphttp://instagram.com/joatnphttps://youtu.be/psDYZMgPxV0לפני כמה שנים נחשפתי לשריפת עצים בשיטת ליכטנברג ומאד נהניתי לשחק עם השיטה. אהבתי את האלגנטיות של התפתחות הפרקטלים והתפעלתי מחוקי הפיזיקה בעודם מגיעים למימד בו אני יכול לחוות אותם בחושיי. מעבר לכך נהניתי להפיח חיים חדשים בחתיכות פסולת שאנשים וויתרו עליהם. התוצאות תמיד היו נאות אבל רציתי יותר רציתי לצייר עם החשמל בשליטה ולא רק להביט בפרקטלים בהתהוותם. צעדים ראשונים בשליטה מצאתי לפני שנתיים אבל הפיתוח האמיתי בא באפריקה. בשנה של מסע השתקעתי בקניה באוגנדה ובדרום אפריקה שם החלפתי את העבודות שלי עבור שהייה. בשטח בלי הסדנה שלי וכל הכלים פותרי העיות שלי נאצתי לאלתר ובאמת להבין מה הם החוקים המשתנים והגורמים המעורבים בתהליך והצלחתי להשיג שליטה באבסטרקט ובמובנה. יותר מכך גם למדתי מתי לא לשלוט.אני גאה להציג משהו ייחודי (בינתיים בסופו של דבר מישהו בטוח יהנדס את זה ברוורס) עשוי ממאה אחוז חומרים ומכונות ממוחזרים מהרחוב ומושך את העין האנושית שמתבייתת על קונסטרקטים מורכבים וטבעיים.A few years ago i was exposed to lichtenberg fractal wood burning and enjoyed it immensely. I loved the elegance of the fractals nature and the poetic laws of physics brought to the leve of human experience. furthermore i loved giving new life to another man's trash. the results were satisfactory but i wanted more. I wanted to paint with it under control rather than an observer.The first steps in achieving control were taken two years ago to interesting results but the real revelation came to me in africa. Along a year's journey I've set shop in Kenya Uganda and South Africa and bartered my works for lodging. There in the field without my problem solving tools and gadgets I wa forced to delve into the works of it. to realy comprehend the factors elements and laws involved i the process and achieve control over the abstract and the structured. And more - when to relinquish control.I'm proud to present something unique (for now... somone will eventually reverse-engineer it) made from 100% recycled and upcycled materials and machines and appealing to the human eye that gravitates to natural constructs.,false
‎סיכום תיעוד ההליכה לאורכו של "שביל הבנים (הדרוזים)"‎,https://scontent.ftlv4-1.fna.fbcdn.net/v/t1.0-0/q85/p526x296/42156503_2013416388708458_980969035757780992_n.jpg?_nc_cat=0&oh=5c78b658e74e74089fd6b2f220eb31f4&oe=5C19B02C,11:56 PM,2:56 AM,2018-09-22,No_Info,No_Info,haifa,https://www.facebook.com/events/284613362151783/?acontext=%7B%22ref%22%3A110%2C%22source%22%3A2%2C%22source_dashboard_filter%22%3A%22discovery%22%2C%22action_history%22%3A%22[%7B%5C%22surface%5C%22%3A%5C%22discover_filter_list%5C%22%2C%5C%22mechanism%5C%22%3A%5C%22surface%5C%22%2C%5C%22extra_data%5C%22%3A%7B%5C%22dashboard_filter%5C%22%3A%5C%22discovery%5C%22%7D%7D]%22%2C%22has_source%22%3Atrue%7D,תיעוד מסכם באמצעות מפה תצ"א וטבלאות סטטיסטיקה של ההליכה ב"שביל הבנים (הדרוזים)" תיעוד המסכם את 9 הטיולים הרגליים היומיים בשביל רצוף באורך של כ-200 ק"מ שטויל ע"י אורי עתיר במהלך כשנה (מ-10/2017 עד ל-9/2018). השביל מתחיל בחניון היערנים בכרמל ומסתיים בקבר יתרו בנבי שועייב שבגליל המזרחי ומחבר כ-20 כפרים דרוזים בכרמל בגליל המערבי וברום הגליל. השביל תוכנן ע"י תת אלוף (מיל') אמל אסעד שהוציא לאור ספרון על השביל.שביל "הבנים (הדרוזים)" עובר בתוך או בסמוך לישובים הדרוזים הבאים: עוספיא דליית אל כרמל שפרעם ג'וליס ירכא אבו-סנן ג'ת כיסרא פקיעין חורפיש בית ג'אן עין אל-אסד ראמה סאג'ור ומע'אר ומסתיים באתר נבי שועייב שבקרני חיטים.,false
‎סוכות בקריון ביאליק אתה באזור יש מקום לעצור‎,https://scontent.ftlv4-1.fna.fbcdn.net/v/t1.0-0/p526x296/41533906_279151459359981_4148997008469786624_n.jpg?_nc_cat=0&oh=cc473ef9b97dc6d8c406cbdab5ae4e84&oe=5C14D539,9 AM,11 PM,2018-09-22,שדרות ורבורג 102 Haifa Israel,בית מדרש משיח צדקנו משי"צ,haifa,https://www.facebook.com/events/2032440063737187/?acontext=%7B%22ref%22%3A110%2C%22source%22%3A2%2C%22source_dashboard_filter%22%3A%22discovery%22%2C%22action_history%22%3A%22[%7B%5C%22surface%5C%22%3A%5C%22discover_filter_list%5C%22%2C%5C%22mechanism%5C%22%3A%5C%22surface%5C%22%2C%5C%22extra_data%5C%22%3A%7B%5C%22dashboard_filter%5C%22%3A%5C%22discovery%5C%22%7D%7D]%22%2C%22has_source%22%3Atrue%7D,סוכה בקריון ארבעת המינים ומקום כשר בקריון,false
Name,Image,Start Time,End Time,Date,Address,Place,City,Link,Description,Going
‎פסטיבל הסרטים בחיפה כל ההקרנות בפיאצה (כיכר הפסטיבל) - חינם‎,https://scontent.ftlv4-1.fna.fbcdn.net/v/t1.0-0/s526x296/41703276_1676124385829858_8655882320181460992_n.jpg?_nc_cat=0&oh=b031703fe00fc7a27e26a4149e4abe66&oe=5C611AEF,7 PM,11:30 PM,2018-09-23,שד' הנשיא 140 מרכז הכרמל חיפה 12438 Haifa Israel,אודיטוריום חיפה,haifa,https://www.facebook.com/events/2005970546122106/?acontext=%7B%22ref%22%3A51%2C%22source%22%3A2%2C%22source_dashboard_filter%22%3A%22discovery%22%2C%22action_history%22%3A%22[%7B%5C%22surface%5C%22%3A%5C%22discover_filter_list%5C%22%2C%5C%22mechanism%5C%22%3A%5C%22surface%5C%22%2C%5C%22extra_data%5C%22%3A%7B%5C%22dashboard_filter%5C%22%3A%5C%22discovery%5C%22%7D%7D]%22%2C%22has_source%22%3Atrue%7D,הקרנות בפיאצהכל ערב תחת כיפת השמיים  כל המשפחה  בהרפתקה הגדולה של הטבע... הכניסה חופשית            יום שבת 22.0919:00   טרזן ובת זוגו/ סדריק גיבסון21:15   מנה ראשונה- לילי/ חני דומבה21:30   בראשית/ מרי פרנו קלוד נורידסני             יום ראשון 23.0919:00   פוניו על הצוק ליד הים/ הייאו מיאזאקי21:15   מנה ראשונה- לויתן כחול/ סיוון קדרון21:30   ארץ בראשית/ משה אלפרט             יום שני 24.0919:00   הלורקס/ כריס רנו21:15   מנה ראשונה- Head On/ ליאור בן חורין21:30   מיקרוקוסמוס/ קלוד נורידסני מארי פרנאו             יום שלישי 25.0919:00   טרזן מלך הקופים/ יו האדסון21:15   מנה ראשונה- עורבים ארורים/ ענבל גרוסמן רותם חרמוני רועי צור שי בלומנקרנץ21:30   עולם גדול ומופלא/ אלסטייר פות'רגויל מארק לינפילד           יום רביעי 26.0919:30   דוקו דאנס/ יעל פרלוב (פלאשמוב- הילה חסין נור نور- אורי בירגר גדי מלך ישראל- עידו ויסמן)21:00   הרקדה/ גדי ביטון ירון כרמל             יום חמישי 27.0918:45   תזמורת הבוגרים של חיפה19:45   הילד והעולם/ אלה אבראו21:30   ארץ בראשית/ משה אלפרט             יום שישי 28.0919:00   פוניו על הצוק ליד הים/ הייאו מיאזאקי21:15   מנה ראשונה- אוט /רועי צור ורותם חרמוני21:30   עולם גדול ומופלא/ אלסטייר פות'רגויל מארק לינפילד             יום שבת 29.0919:00   הלורקס/ כריס רנו21:15   מנה ראשונה-פאזל/ סתיו לוי תחרות הליכה/ וניה היימן21:30   בראשית/ מרי פרנו קלוד נורידסני             יום ראשון 30.0919:00   טרזן ובת זוגו/ סדריק גיבסון21:15   מנה ראשונה- משום מקום/ יסכה מאיו ומעין צוראיל21:30   מיקרוקוסמוס/ קלוד נורידסני מארי פרנאו             יום שני 01.1019:00   הילד והעולם/ אלה אבראו21:15   מנה ראשונה- קרגו/ אלה טבוריסקי ועינת נגר21:30   טרזן מלך הקופים/ יו האדסון*מארגני האירוע לא אחראיים - אחריות על מארגני פסטיבל הסרטים,false
‎علاء أبو دياب في مساحة‎,https://scontent.ftlv4-1.fna.fbcdn.net/v/t1.0-0/q91/s526x296/41440968_2196640570377227_7786943168422871040_n.jpg?_nc_cat=0&oh=6ee17f9fdfa72670c76385c58c456c4e&oe=5C22B65D,7:30 PM,10:30 PM,2018-09-23,habankim 7 Haifa Israel,Masaha مساحة,haifa,https://www.facebook.com/events/1952952701394717/?acontext=%7B%22ref%22%3A51%2C%22source%22%3A2%2C%22source_dashboard_filter%22%3A%22discovery%22%2C%22action_history%22%3A%22[%7B%5C%22surface%5C%22%3A%5C%22discover_filter_list%5C%22%2C%5C%22mechanism%5C%22%3A%5C%22surface%5C%22%2C%5C%22extra_data%5C%22%3A%7B%5C%22dashboard_filter%5C%22%3A%5C%22discovery%5C%22%7D%7D]%22%2C%22has_source%22%3Atrue%7D,ستاند اب كوميدي مع علاء أبو دياب في مساحة يوم الأحد 23\09 العرض الأول : 19:30العرض الثاني : 21:00للحجز والأستفسار 05327846740526485856تباع التذاكر في بار ومقهى مساحة,false
‎Kitsch Sukkot 23.9 אוברקיטש סוכות‎,https://scontent.ftlv4-1.fna.fbcdn.net/v/t1.0-0/s552x414/42059026_2069248756459784_8200385460594278400_n.jpg?_nc_cat=0&oh=c57e3cd645f9b18f8e862163d2161a3f&oe=5C30E649,11 PM,5 AM,2018-09-23,כיאט 5 Haifa Israel,OverKitsch,haifa,https://www.facebook.com/events/469499973561565/?acontext=%7B%22ref%22%3A51%2C%22source%22%3A2%2C%22source_dashboard_filter%22%3A%22discovery%22%2C%22action_history%22%3A%22[%7B%5C%22surface%5C%22%3A%5C%22discover_filter_list%5C%22%2C%5C%22mechanism%5C%22%3A%5C%22surface%5C%22%2C%5C%22extra_data%5C%22%3A%7B%5C%22dashboard_filter%5C%22%3A%5C%22discovery%5C%22%7D%7D]%22%2C%22has_source%22%3Atrue%7D,סוכה זו סוכה מצווה זו מצווה!*** SPECIAL SUKKOT PARTY ***יום ראשון | ערב חג סוכות *** מסיבה מיוחדת ***החל מהשעה 23:00 בסינקופה בר-מועדון רחוב כיאט 5 קומה 2 // עיר תחתית חיפהרבקה וצוות הקיטש חוזרים לבמה ובונים סוכההה כהלכתההה!בעמדה עם הלולב והערבה: דיג'יי צ'ארמי DJ CHARME ושמחת בית השואבה עם סט פופ מיינסטרים היפהופ ונגיעות קישוטים אחרים!על הבמה מלכת האושפיזין בעלת שבעת המינים: ZOHARA PLATINNUMבמופע נענוע הדס דראג קרקס ומלא אתרוגים!על טקס ניסוך מי הקוקטיילים הקדושים: צוות הסינקופה האגדי עם צ'ייסרים של ערנבונים במחירים מפתיעים!קוד לבוש: סכך כניסה בהנחה עד השעה 00:30כניסה לארוע כולל מופע: 55 ש"ח רגיל / או 45 ש"ח בהרשמה.כדאי להרשם מראש להנחות בעמוד או אצל היח"צנים כבר עכשיו!Nadav Sacha Eden // אלונה דובין*** חוגגות יום הולדת ביום המסיבה? *** וואהווו מה הלו"ז דחוף לשלוח הודעה ונפנק אתכן ( וגם אתכם ) בכניסה חינם למסיבה! זה כדאי! >>> בלעדי לקיטש <<<חניה: מומלץ לחנות בחניון הגדול ליד בנין הטיל/המפרש או ברחובות הסמוכים בכחול-לבן כחוק.תחבורה: אההה.... ערב חג.... הגזמתם. קווי לילה מוניות מטרונית קו 1.,false
Million Mask March - Haifa Israel (2018),https://scontent.ftlv4-1.fna.fbcdn.net/v/t1.0-0/q85/s526x296/26230943_1339771782801078_4456098181134853716_n.jpg?_nc_cat=0&oh=a76734bdf8339e35e8980fa630df7664&oe=5C28319B,9 AM,11:59 PM,2018-09-23,No_Info,Haifa Israel,haifa,https://www.facebook.com/events/389815914795659/?acontext=%7B%22ref%22%3A51%2C%22source%22%3A2%2C%22source_dashboard_filter%22%3A%22discovery%22%2C%22action_history%22%3A%22[%7B%5C%22surface%5C%22%3A%5C%22discover_filter_list%5C%22%2C%5C%22mechanism%5C%22%3A%5C%22surface%5C%22%2C%5C%22extra_data%5C%22%3A%7B%5C%22dashboard_filter%5C%22%3A%5C%22discovery%5C%22%7D%7D]%22%2C%22has_source%22%3Atrue%7D,ANONYMOUS | Million Mask March MillionMaskMarch.com & MondayMarches.com9am - 5pm weekly at State Capitols & City Halls in 800 cities. Marches begin at 5pm for rush hour.,false
‎סוכות בגושפנקא ★ מסיבת העשורים הגדולה ★ ערב חג ראשון 23.9‎,https://scontent.ftlv4-1.fna.fbcdn.net/v/t1.0-9/s720x720/41866276_1208165492654467_7203280172575883264_o.jpg?_nc_cat=0&oh=6ee1c3311761f9159d851623c478d8e3&oe=5C154751,10:30 PM,3:30 AM,2018-09-23,בהרב יקותיאל 32 קרית חיים Kiryat Hayim Hefa Israel,גושפנקא צפון,haifa,https://www.facebook.com/events/671795863206896/?acontext=%7B%22ref%22%3A51%2C%22source%22%3A2%2C%22source_dashboard_filter%22%3A%22discovery%22%2C%22action_history%22%3A%22[%7B%5C%22surface%5C%22%3A%5C%22discover_filter_list%5C%22%2C%5C%22mechanism%5C%22%3A%5C%22surface%5C%22%2C%5C%22extra_data%5C%22%3A%7B%5C%22dashboard_filter%5C%22%3A%5C%22discovery%5C%22%7D%7D]%22%2C%22has_source%22%3Atrue%7D,חברות וחברים אושפיזין יקרים! מוכנים לאירוע הכי מהמם בצפון??לכבוד ערב חג הסוכות וממש לפני שמתחם הקיץ נסגר גושפנקא גאים להציג : ✿ ♫ מסיבת העשורים הגדולה ♫ ✿ ראשון ערב חג סוכותהפנינג ענקי של מוזיקת עשורים משובחת דוכן אוכל שיכר מכל טוב אירוח גושפנקאי מיוחד לכל אושפיזין ואנשים יפים שאוהבים לשמוח ולרקוד  עם טעם מוזיקלי משובח !בואו נדבר קצת מוזיקלית : רחבה 1.  80 ♫ 90 די ג'יי שמעון לנדה ילד הפרחים שלנו מופקד על מוסיקת הדיסקו  אייטיז וניינטיז. שוב למשך כל הערב. הצלילים הענוגים המקפיצים והשמחים של פעם יחזירו אותנו לתקופות הפרועות ויניעו את איברינו ברחבה הממוזגת. לאורך כל המסיבה ישודרו הקליפים על גבי מסכי הוידאו ברחבה לכל טראק שינוגן מחזה ויזואלי שמחמם לבבות ! ❅ ❄ ✼ ✻ ✺ ❅ ❄ ✼ ✻ ✺ רחבה 2. חלק א. : מוזיקה ישראלית ♫במתחם נוסף שיפתח עבור אלה שאוהבים מוזיקה עברית תנוגן בהתחלה מוסיקה על טהרת הכחול לבן מכל העשורים. הלהיטים הצברים שליוו אותנו מקום המדינה. חלק ב: לא שכחנו את שנות ה00 ♫ השובבות. לאוהבי מוזיקת עשור המילניום תתכוננו לפזז משמחה במוזיקה עכשווית מקפיצה במיוחד שתעיף אתכם מעלה מעלה מעלה !!!על כל אלה אחראי די ג'יי רועי פלינר❅ ❄ ✼ ✻ ✺ ❅ ❄ ✼ ✻ ✺ רחבת היפהופ בייסיקסקיל שוב מגיע לתת לנו בראש בחדר הסקסי ביותר במתחם וזה הולך להיות חגיגי ביותר! במתחם יחכו לכם  יחכו לכם הפתעות של סוכות שירימו את  אווירת החג המיוחדת!❅ ❄ ✼ ✻ ✺ פתיחת שערים ב22:30. יקותיאל בהרב 34 ק.חיים חיפה. וויז : "גושפנקא" כניסה בהנחה ברשימות. שמות מלאים לתיבת ההודעות האישית! הולך להיות מ-ד-ה-י-ם !!!*העישון ברחבה הפנימית אסור!,false
G.Kabirski в Хайфе,https://scontent.ftlv4-1.fna.fbcdn.net/v/t1.0-0/p526x296/41728200_1167430356729050_4066625454197440512_n.jpg?_nc_cat=0&oh=c9575fb7c02cae9de4cc7ea200ead66c&oe=5C264AE7,10 AM,4 PM,2018-09-23,мория 33 Haifa Israel,VI TA shoes,haifa,https://www.facebook.com/events/778539539204225/?acontext=%7B%22ref%22%3A51%2C%22source%22%3A2%2C%22source_dashboard_filter%22%3A%22discovery%22%2C%22action_history%22%3A%22[%7B%5C%22surface%5C%22%3A%5C%22discover_filter_list%5C%22%2C%5C%22mechanism%5C%22%3A%5C%22surface%5C%22%2C%5C%22extra_data%5C%22%3A%7B%5C%22dashboard_filter%5C%22%3A%5C%22discovery%5C%22%7D%7D]%22%2C%22has_source%22%3Atrue%7D,23 сентября в воскресенье встречаемся в Хайфе. Салон обуви VI TA shoes организует выставку ювелирной галереи G.Kabirski. Серебрянные украшения артхаусного мастера - кольца подвески и ассиметричные серьги новые впечатления от соприкосновения с искусством непривычным взглядом на украшения - вот что ждет вас в Хайфе на улице Мория 33 с 10:00 - 16:00.В эти праздничные дни действуют скидки до 30%. А так же мы приготовили для вас сюрприз - все покупатели которые приобрели украшения до 24 сентября становятся участниками розыгрыша. Приз - подвеска от G.Kabirski. 25 сентября будут озвучены результаты розыгрыша в группе Jewelry art by G.Kabirski.,false
‎חג סוכות Party (כניסה חינם עד 00:00)‎,https://scontent.ftlv4-1.fna.fbcdn.net/v/t1.0-0/p526x296/42178369_2225099421043480_3192406962998345728_n.jpg?_nc_cat=0&oh=d1d612e1ae541b31f538fe7130dce248&oe=5C1F9982,11 PM,-,2018-09-23,אח"י אילת 65 קרית חיים 26269 Kiryat Hayim Hefa Israel,דרינק פוינט אח"י אילת - Drink Point Achi Eilat,haifa,https://www.facebook.com/events/245063776208187/?acontext=%7B%22ref%22%3A51%2C%22source%22%3A2%2C%22source_dashboard_filter%22%3A%22discovery%22%2C%22action_history%22%3A%22[%7B%5C%22surface%5C%22%3A%5C%22discover_filter_list%5C%22%2C%5C%22mechanism%5C%22%3A%5C%22surface%5C%22%2C%5C%22extra_data%5C%22%3A%7B%5C%22dashboard_filter%5C%22%3A%5C%22discovery%5C%22%7D%7D]%22%2C%22has_source%22%3Atrue%7D,חג סוכות Party תקופת החגים ממשיכה ואנחנו איתהערב סוכות 23.9כולנו חוגגים בנקודהעל העמדה התותח חוזר אלינו DJ Yakir Ganonשמגיע לעשות לנו חג שמח במיוחדמבצעי אלכוהול וכניסה חינם עד 00:00 לנרשמים,false
‎די! סייל מטורף הכל עף‎,https://scontent.ftlv4-1.fna.fbcdn.net/v/t1.0-0/p526x296/42182267_738121553192993_8015843575017242624_n.jpg?_nc_cat=0&oh=f95c5f284244bf5ef8dd3dca5c083221&oe=5C5E04FE,9:02 AM,2:02 PM,2018-09-23,No_Info,No_Info,haifa,https://www.facebook.com/events/245894309371170/?acontext=%7B%22ref%22%3A51%2C%22source%22%3A2%2C%22source_dashboard_filter%22%3A%22discovery%22%2C%22action_history%22%3A%22[%7B%5C%22surface%5C%22%3A%5C%22discover_filter_list%5C%22%2C%5C%22mechanism%5C%22%3A%5C%22surface%5C%22%2C%5C%22extra_data%5C%22%3A%7B%5C%22dashboard_filter%5C%22%3A%5C%22discovery%5C%22%7D%7D]%22%2C%22has_source%22%3Atrue%7D,כל הביגוד קיץ חורף ומה שבינים חייב להימכר היום פריטים החל מעשרה שקלים. שווה ביותר. שלל מידות,false
‎גלריית חריכת עצים פרקטלית בפסטיבל הסרטים וידאו למטה בתיאור‎,https://scontent.ftlv4-1.fna.fbcdn.net/v/t1.0-0/q82/s600x600/42327032_1915503241897313_1098525662198628352_n.jpg?_nc_cat=0&oh=803e97cab81dedfd6d83504090eb5c1a&oe=5C1567EA,5 PM,11 PM,2018-09-23,שד' הנשיא 140 מרכז הכרמל חיפה 12438 Haifa Israel,אודיטוריום חיפה,haifa,https://www.facebook.com/events/264555484191854/?acontext=%7B%22ref%22%3A51%2C%22source%22%3A2%2C%22source_dashboard_filter%22%3A%22discovery%22%2C%22action_history%22%3A%22[%7B%5C%22surface%5C%22%3A%5C%22discover_filter_list%5C%22%2C%5C%22mechanism%5C%22%3A%5C%22surface%5C%22%2C%5C%22extra_data%5C%22%3A%7B%5C%22dashboard_filter%5C%22%3A%5C%22discovery%5C%22%7D%7D]%22%2C%22has_source%22%3Atrue%7D,-,false
‎סוכות בקריון ביאליק אתה באזור יש מקום לעצור‎,https://scontent.ftlv4-1.fna.fbcdn.net/v/t1.0-0/p526x296/41533906_279151459359981_4148997008469786624_n.jpg?_nc_cat=0&oh=cc473ef9b97dc6d8c406cbdab5ae4e84&oe=5C14D539,9 AM,11 PM,2018-09-23,שדרות ורבורג 102 Haifa Israel,בית מדרש משיח צדקנו משי"צ,haifa,https://www.facebook.com/events/2032440070403853/?acontext=%7B%22ref%22%3A51%2C%22source%22%3A2%2C%22source_dashboard_filter%22%3A%22discovery%22%2C%22action_history%22%3A%22[%7B%5C%22surface%5C%22%3A%5C%22discover_filter_list%5C%22%2C%5C%22mechanism%5C%22%3A%5C%22surface%5C%22%2C%5C%22extra_data%5C%22%3A%7B%5C%22dashboard_filter%5C%22%3A%5C%22discovery%5C%22%7D%7D]%22%2C%22has_source%22%3Atrue%7D,סוכה בקריון ארבעת המינים ומקום כשר בקריון,false
Name,Image,Start Time,End Time,Date,Address,Place,City,Link,Description,Going
Jazz Nights at Eli's Pub,https://scontent.ftlv4-1.fna.fbcdn.net/v/t1.0-0/p526x296/37984042_1998543530165128_3620338834148950016_n.jpg?_nc_cat=0&oh=10d2e0212a132379f5f3d35b9c1cc4ef&oe=5C60DEE9,9 PM,1 AM,2018-09-24,Jaffa 35 Haifa Israel,Eli's Pub,haifa,https://www.facebook.com/events/649404105452646/?acontext=%7B%22ref%22%3A51%2C%22source%22%3A2%2C%22source_dashboard_filter%22%3A%22discovery%22%2C%22action_history%22%3A%22[%7B%5C%22surface%5C%22%3A%5C%22discover_filter_list%5C%22%2C%5C%22mechanism%5C%22%3A%5C%22surface%5C%22%2C%5C%22extra_data%5C%22%3A%7B%5C%22dashboard_filter%5C%22%3A%5C%22discovery%5C%22%7D%7D]%22%2C%22has_source%22%3Atrue%7D,מוזמנים לעוד ערב של מוזיקה איכותית אנשים טובים ובירה קרה:)הבאנו במיוחד בשבילכם חברה מאד מאד מוכשרים היישר מויצו שינעימו את זמנכם הרבה כישרון והרבה אהבה לג'אנר אז תבואו מצוידים באוזן חדה וחיוך גדול😁😉רוצים לנגן? אין שום בעיה!שלחו איזה הודעה לפני שנדע ונכין לכם מקום וזמן ואם צריך גם ליווי מוזיקלי איכותיהכניסה: 30 ש"ח (משקה ראשון עלינו!)מחכים לכם עם הרבה אהבה😎🎸🎷,false
‎פסטיבל הסרטים בחיפה כל ההקרנות בפיאצה (כיכר הפסטיבל) - חינם‎,https://scontent.ftlv4-1.fna.fbcdn.net/v/t1.0-0/s526x296/41703276_1676124385829858_8655882320181460992_n.jpg?_nc_cat=0&oh=b031703fe00fc7a27e26a4149e4abe66&oe=5C611AEF,7 PM,11:30 PM,2018-09-24,שד' הנשיא 140 מרכז הכרמל חיפה 12438 Haifa Israel,אודיטוריום חיפה,haifa,https://www.facebook.com/events/2005970526122108/?acontext=%7B%22ref%22%3A51%2C%22source%22%3A2%2C%22source_dashboard_filter%22%3A%22discovery%22%2C%22action_history%22%3A%22[%7B%5C%22surface%5C%22%3A%5C%22discover_filter_list%5C%22%2C%5C%22mechanism%5C%22%3A%5C%22surface%5C%22%2C%5C%22extra_data%5C%22%3A%7B%5C%22dashboard_filter%5C%22%3A%5C%22discovery%5C%22%7D%7D]%22%2C%22has_source%22%3Atrue%7D,הקרנות בפיאצהכל ערב תחת כיפת השמיים  כל המשפחה  בהרפתקה הגדולה של הטבע... הכניסה חופשית            יום שבת 22.0919:00   טרזן ובת זוגו/ סדריק גיבסון21:15   מנה ראשונה- לילי/ חני דומבה21:30   בראשית/ מרי פרנו קלוד נורידסני             יום ראשון 23.0919:00   פוניו על הצוק ליד הים/ הייאו מיאזאקי21:15   מנה ראשונה- לויתן כחול/ סיוון קדרון21:30   ארץ בראשית/ משה אלפרט             יום שני 24.0919:00   הלורקס/ כריס רנו21:15   מנה ראשונה- Head On/ ליאור בן חורין21:30   מיקרוקוסמוס/ קלוד נורידסני מארי פרנאו             יום שלישי 25.0919:00   טרזן מלך הקופים/ יו האדסון21:15   מנה ראשונה- עורבים ארורים/ ענבל גרוסמן רותם חרמוני רועי צור שי בלומנקרנץ21:30   עולם גדול ומופלא/ אלסטייר פות'רגויל מארק לינפילד           יום רביעי 26.0919:30   דוקו דאנס/ יעל פרלוב (פלאשמוב- הילה חסין נור نور- אורי בירגר גדי מלך ישראל- עידו ויסמן)21:00   הרקדה/ גדי ביטון ירון כרמל             יום חמישי 27.0918:45   תזמורת הבוגרים של חיפה19:45   הילד והעולם/ אלה אבראו21:30   ארץ בראשית/ משה אלפרט             יום שישי 28.0919:00   פוניו על הצוק ליד הים/ הייאו מיאזאקי21:15   מנה ראשונה- אוט /רועי צור ורותם חרמוני21:30   עולם גדול ומופלא/ אלסטייר פות'רגויל מארק לינפילד             יום שבת 29.0919:00   הלורקס/ כריס רנו21:15   מנה ראשונה-פאזל/ סתיו לוי תחרות הליכה/ וניה היימן21:30   בראשית/ מרי פרנו קלוד נורידסני             יום ראשון 30.0919:00   טרזן ובת זוגו/ סדריק גיבסון21:15   מנה ראשונה- משום מקום/ יסכה מאיו ומעין צוראיל21:30   מיקרוקוסמוס/ קלוד נורידסני מארי פרנאו             יום שני 01.1019:00   הילד והעולם/ אלה אבראו21:15   מנה ראשונה- קרגו/ אלה טבוריסקי ועינת נגר21:30   טרזן מלך הקופים/ יו האדסון*מארגני האירוע לא אחראיים - אחריות על מארגני פסטיבל הסרטים,false
‎ד״ר שי ברקן - אינטלגנציה בבעלי חיים 24/9‎,https://scontent.ftlv4-1.fna.fbcdn.net/v/t1.0-0/s526x296/39060318_719412325064206_191459003421687808_n.jpg?_nc_cat=0&oh=817ce6ac8d5e204c2107bcd0e3b3304f&oe=5C62CDBC,8:30 PM,10:30 PM,2018-09-24,Khayat 5 3326127 Haifa Israel,Syncopa-Bar,haifa,https://www.facebook.com/events/534394173657953/?acontext=%7B%22ref%22%3A51%2C%22source%22%3A2%2C%22source_dashboard_filter%22%3A%22discovery%22%2C%22action_history%22%3A%22[%7B%5C%22surface%5C%22%3A%5C%22discover_filter_list%5C%22%2C%5C%22mechanism%5C%22%3A%5C%22surface%5C%22%2C%5C%22extra_data%5C%22%3A%7B%5C%22dashboard_filter%5C%22%3A%5C%22discovery%5C%22%7D%7D]%22%2C%22has_source%22%3Atrue%7D,ביום שני ה-24/9 במסגרת מפגשי טינק אנד דרינק דיפרנט בחיפה נארח בסינקופה את ד״ר שי ברקן להרצאה על אינטליגנציה של בעלי חיים.להזמנת כרטיסים: https://goo.gl/cjVFC6המוח הוא האיבר המורכב ביותר שהתפתח אי פעם וכמו אברי גוף אחרים גם עליו פועלים כוחות האבולוציה המשנים את מבנהו ותפקודיו בהתאם לאתגרים הניצבים בפניו. כאשר בוחנים את מוחם של בעלי חיים מתגלה בפנינו עולם מגוון ביותר של גודל צורה ותפקוד קוגניטיבי המעלה שאלות מעניינות על טיבו. בהרצאה זו נלמד כיצד ניתן לאמוד ולהשוות אינטליגנציה בבעלי חיים איזה אתגרים פיזיולוגיים עמדו בפני מוחם של הדינוזאורים הגדולים והאם היו חכמים במיוחד מה הם יתרונותיהם המוחיים של היונקים והאם מוח של ציפור הוא דוגמה לטיפשות או שהגיע הזמן לבקש סליחה מהעורבים ומהתוכים. ד״ר שי ברקן סיים תואר שלישי במחלקה לזאולוגיה של אוניברסיטת תל אביב ומאז הוא גר בתל אביב ואוהב מאד פינגווינים – למרות שיש להם מוח של ציפור.פתיחת דלתות בשעה 19:30 ההרצאה תתחיל ב-20:30מחיר בקניה מראש: 40 שחמחיר בקניה במזומן במקום: 50 שחלהבטחת מקומותיכם:https://goo.gl/cjVFC6סינקופה-בר - כיאט 5 חיפה.ואל תשכחו- think&drink different!,false
‎סדנת קטורת העשן הקדוש עם אנחלה בראש פינה‎,https://scontent.ftlv4-1.fna.fbcdn.net/v/t1.0-0/s526x296/41798925_2271751439520728_8338371494115540992_n.jpg?_nc_cat=0&oh=eb912bae42ca13979c6339e7b56e2b27&oe=5C623893,3 PM,7 PM,2018-09-24,No_Info,No_Info,haifa,https://www.facebook.com/events/248426222543987/?acontext=%7B%22ref%22%3A51%2C%22source%22%3A2%2C%22source_dashboard_filter%22%3A%22discovery%22%2C%22action_history%22%3A%22[%7B%5C%22surface%5C%22%3A%5C%22discover_filter_list%5C%22%2C%5C%22mechanism%5C%22%3A%5C%22surface%5C%22%2C%5C%22extra_data%5C%22%3A%7B%5C%22dashboard_filter%5C%22%3A%5C%22discovery%5C%22%7D%7D]%22%2C%22has_source%22%3Atrue%7D,העשן הקדוש - טכנולוגיה עתיקה לחיבור בין שמים וארץנלמד טכניקות הקטרה ברכה והשבה להרמוניה עבור אנשים כמו גם לחללים פיזיים ע"י  פתיחת מרחבי התודעה שיפור אנרגטי ע"י איזון מערכות היחסים עם עצמנו ועם הסביבה.אנחלה היא מייסדת-שותפה של חברת בנייה אקולוגית היא שותפה להקמת הקהילה האקולוגית Tierra de Agua Crystal ושל בית הספר הספירלי."רקדנית ירח" הוכשרה לעבודה עם העשן הקדוש על ידי ה"סבתא" רוקסנה קאמפוס (שומרת המסורת המקסיקנית) מלמדת גם טיפולי עיסוי רחם."מסורת העבודה עם הקטורות היא טכנולוגיה עתיקה- לחיבור של שמים וארץ. מסורת זו מבקשת ליצור עבודה מודעת בעת מתן ברכה או השבת ההרמוניה- לאנשים כמו גם לחללים פיזיים. פעולות הברכה והשבת ההרמוניה פותחות את מרחבי התודעה למהות ההוויה ולשכל הישר. לא באמת קיימת מחלה- יש פצעים פתוחים. כאשר אנו מדברים על ריפוי אנחנו מדברים על בנייה מחדש של הגוף שלנו ומה שאנחנו. ההתקדמות בחיים קשורה לחזרה לאיזון של מערכות היחסים שלנו הן עם עצמנו והן עם אחרים. וזהו הכלי האמיתי לחיים הרמוניים. ה"הקטרה" היא רפואת האחווה הנשית- להפעיל את הרפואה של אהבתנו לעצמנו- זה להפעיל את התרופה של אהבתנו לגבריות ולנשיות הקדושה שלנו זו הטבועה בנו.".משך הסדנה 4 שעות...מתחילים ב- 15:00. בואו לחיבוק קצת לפני הזמןבקישור זה ניתן להרחיב את הקריאה על אנחלהhttps://www.wild-matter.com/angelainesvillaקישור להרשמה- https://www.wild-matter.com/events/sdnt-qtwrwt-brs-pynh-24-9-18*** המפגש מוגבל ל- 25 משתתפים ***לחצו על התמונה - גלו מי מגיע ופרטים נוספיםבשל ריבוי משתמשים באתר תיתכן טעינת דף איטית - אנו מתנצלים מראשחבילות השתתפות בהנחה:-רכישת שלושה אירועים במהלך ספטמבר - תזכה את הרוכש ב 20% הנחה-רכישה זוגית ל "מעגל שיח" של קולצ'אביטה - תזכה את הרוכש ב 20% הנחה-חבילות מיוחדות מוצעות לסוף השבוע שיתקיים בחוות טבע האדם - מושב ניר צבי,false
‎קורס תטא הילינג בסוכות‎,https://scontent.ftlv4-1.fna.fbcdn.net/v/t1.0-0/q83/p526x296/39962123_1899630746999588_9201780183990796288_n.jpg?_nc_cat=0&oh=efccfe537c2e6eb5801c6f0e157f0532&oe=5C5CACBE,9 AM,4:30 PM,2018-09-24,No_Info,ורדיה חיפה,haifa,https://www.facebook.com/events/451510158690855/?acontext=%7B%22ref%22%3A51%2C%22source%22%3A2%2C%22source_dashboard_filter%22%3A%22discovery%22%2C%22action_history%22%3A%22[%7B%5C%22surface%5C%22%3A%5C%22discover_filter_list%5C%22%2C%5C%22mechanism%5C%22%3A%5C%22surface%5C%22%2C%5C%22extra_data%5C%22%3A%7B%5C%22dashboard_filter%5C%22%3A%5C%22discovery%5C%22%7D%7D]%22%2C%22has_source%22%3Atrue%7D,האם ידעתם שהתת מודע מנהל את חייכם?מתי בפעם האחרונה היתה לכם שליטה על חייכם?קורס תטא הילינג יסוד הוא קורס בן 3 ימים חוויתיים ביותר בו תלמדו ותתרגלו כלים עוצמתיים ונגישות לתת מודע שיעזרו לכם בכל תחום בחיים הן הפיזי והרגשי מנטלי רוחני.מתאים למטפליםקוסמטיקאיותמורותמאמנות ולמי שרוצה לגדול..זהבה שפר-0523791304קורס תטא יסוד הינו קורס של שלושה ימי (כ-8 שעות ביום ) קסם רצופים המשלב רכישת ידע תאורטיחוויתי תוך טיפול וריפוי חיבור לתת מודע לאינטואיציות לעצמנו וליעודנו לאמת הגבוהה ולאנרגיית הבריאה יצירת ניסים והכל בפשטות ובקלות.התת המודע מנהל את הפעולות והמחשבות שלנו ואופן התגובות שלנורובו מבוסס על תוכנות מגבילות שרכשנו או עברו אלינו בצורה בלתי מודעת ומנהלות אותנו. באמצעות הכלים שנלמדים בקורס תקבלו גישה לתת המודע שלכם ושל אנשים אחרים ותלמדו איך לגשת אליהם לזהותם ולשנות תוכנות אלו. בעקבות השינוי ייפתחו ערוצים חדשים לריפוי הגשמות ואיזון ושקט נפשי.מה נלמד בקורס-*נלמד את טכניקת התטא הילינג.*מהו מצב תטא וגלי המוח השונים.*כוחה של העדותאיך זה עובד?*חיבור ליכולות ולחושים האינטואיטיביים*טיפול בפחדים טראומות פוביות לחצים חרדות.*ארבעת רמות האמונה*נלמד את טכניקת התטא הילינג.*8 שיטות התשאול לגילוי אמונות ודפוסי חשיבה מעכבים*טיפול רגשות*נכיר את שבעת מישורי ההוויה ונתנסה עם כל אחד מהם.*טיפול וחיבור לבעלי חיים וריפויים*הגשמה וקריאת עתיד*הפעלת ה- DNA*ניקוי קרינה מזיקה.*טיהור בתים ועוד*חיבור למלאכים שומרים ולאני העליון*יצירת ריפוי מיידי וספונטנימה מקבלים בקורס?* חוברת הדרכה עם רוב החומר הנלמד.* תעודת מטפל מוסמך בתטא הילינג מטעם בית הספר העולמי לתטא הילינג של ויאנה סטייבל.* ספר תטא הילינג בעברית. הספר כולל את כל חומר הקורס ומהווה הכנה נהדרת או חזרהמעולה על החומר הנלמד. שווי הספר – 110 ש"ח.כיבוד לאורך כל ימי הקורס.בעלות של 1600 ש"ח -ניתן לשלם במזומן או בהמחאות ובכרטיסי אשראי ב-4 תשלומים שווים.ועוד עלי באתר שלי -http://zehavashefer.com/#תטאהילינג#שפע#הגשמה#מימוש#זהבהשפרלפרטים נוספים בנייד- 0523791304,false
‎קרוצ'י alternative 80‎,https://scontent.ftlv4-1.fna.fbcdn.net/v/t1.0-9/41922869_2673783872847329_7955132150703980544_n.jpg?_nc_cat=0&oh=1ad1aca57bc6a82c128447529c0d9713&oe=5C2140F7,8:23 PM,11:23 PM,2018-09-24,44 jaffa road 3341204 Haifa Israel,ALF חיפה,haifa,https://www.facebook.com/events/2141745549398189/?acontext=%7B%22ref%22%3A51%2C%22source%22%3A2%2C%22source_dashboard_filter%22%3A%22discovery%22%2C%22action_history%22%3A%22[%7B%5C%22surface%5C%22%3A%5C%22discover_filter_list%5C%22%2C%5C%22mechanism%5C%22%3A%5C%22surface%5C%22%2C%5C%22extra_data%5C%22%3A%7B%5C%22dashboard_filter%5C%22%3A%5C%22discovery%5C%22%7D%7D]%22%2C%22has_source%22%3Atrue%7D,80's Party with Karuchi,false
‎לכל רכבי 4*4 טיול שכולו פנינה בין עצי האהבה חינם לחברי המועדון‎,https://scontent.ftlv4-1.fna.fbcdn.net/v/t1.0-0/p526x296/41079328_284453598821654_9032617339350155264_n.jpg?_nc_cat=0&oh=96c1be3a7756a561a2ee4f0b6b72e7b1&oe=5C6002E5,9 AM,6 PM,2018-09-24,No_Info,No_Info,haifa,https://www.facebook.com/events/227270838144771/?acontext=%7B%22ref%22%3A51%2C%22source%22%3A2%2C%22source_dashboard_filter%22%3A%22discovery%22%2C%22action_history%22%3A%22[%7B%5C%22surface%5C%22%3A%5C%22discover_filter_list%5C%22%2C%5C%22mechanism%5C%22%3A%5C%22surface%5C%22%2C%5C%22extra_data%5C%22%3A%7B%5C%22dashboard_filter%5C%22%3A%5C%22discovery%5C%22%7D%7D]%22%2C%22has_source%22%3Atrue%7D,טיול ג'יפים 25/9/2018  מנצרת לטבריה לכל רכבי ה  4X4הטיול חינמי ללקוחות פרוגי'פ  לקוחות חדשים שרוצים להצטרף למועדון הטיולים של פרוגיפ ואף לזכות בטיול חינם נא להתקשר : 0547895483 ליוסי לרישום.נצא לטיול שכולו פנינה בטיול עשיר בתצפיות נוף מהיפות בארץ.מנצרת עלית נטפס על הר דבורה והתבור  בין שבילי עצי האהבה  נבקר במעיין החמישה  נחצה את רמת סירין הבלתי מוכרת ונגלוש בדרך אתגרית מהר בירניקי לטבריה שם נסיים את טיולנו.בואו לשמוע את ההסברים והסיפורים האמתיים סביב יבניאל וסיפור המושבה.* נקודת מפגש: בשעה 9.00 בנצרת עלית (מקום מדויק יימסר בהמשך)* סיום משוער: בסביבות השעה 18:00 בטבריה* הטיול מתאים לג'יפים  4X4 מכל הסוגים  לג'יפים רכים - בינוני עם מספר קטעים מורכבים לג'יפים קשים – קל* הבטיחו מקומכם בטיול על ידי הודעה מראש* מותנה במינימום רכבים ומוגבל במקסימום רכבים דגשים לטיול:* רישיון רכב + ביטוח חובה + ביטוח צד ג' + ביטוח דגשים לטיול:מקיף בתוקף * רישיון נהיגה ישראלי בתוקף* רכב תקין ומתודלק.* המשתתפים מתחייבים לשמור על חוקי התעבורה המדינה ועל הוראות החברה להגנת הטבע.* יתכנו שינויים במהלך הטיול בשל אילוצי מזג האוויר השטח. וכל זאת לפי החלטת המובילים בשטח.* אין אחראיות לכל נזק אשר יגרם לרכבים במהלך הטיול במקרה של צמחייה סבוכה* קיים חשש לפגיעה בצבע הרכב.* הטיול מותנה במספר מינימום של רכבים.* ציוד אישי חובה בטיול:כלים ייעודיים- לרכב ציוד להחלפת גלגל: גלגל חלופי תקין + מגבה + מפתח מתאים.* ציוד מומלץ: כסאות ושולחן מתקפל מחצלת קרם הגנה כובעים בגד-ים ונעלים גבוהותארגון והדרכה מקצועית על ידי:מדריך שטח מוסמך: Gili Ben Shlomo  4X4GILIמורה דרך מוסמך שבתאי שירןן  "מורשת הגליל",false
Lefteris Delis Live at Frankie Bar in Haifa,https://scontent.ftlv4-1.fna.fbcdn.net/v/t1.0-0/p526x296/42413599_1861059537296993_352665017419563008_n.jpg?_nc_cat=0&oh=39908920592eee7c562f28643963bab0&oe=5C171799,9:30 PM,12:30 AM,2018-09-24,מוריה 46 Haifa Israel,Frankie Bar,haifa,https://www.facebook.com/events/502186963587035/?acontext=%7B%22ref%22%3A51%2C%22source%22%3A2%2C%22source_dashboard_filter%22%3A%22discovery%22%2C%22action_history%22%3A%22[%7B%5C%22surface%5C%22%3A%5C%22discover_filter_list%5C%22%2C%5C%22mechanism%5C%22%3A%5C%22surface%5C%22%2C%5C%22extra_data%5C%22%3A%7B%5C%22dashboard_filter%5C%22%3A%5C%22discovery%5C%22%7D%7D]%22%2C%22has_source%22%3Atrue%7D,חוגגים סוכות בפרנקי בר... מסיבה יוונית עד אור הבוקר  יום שני 24/9/18 בשעה 21:30. ביחד נשבור את הפרנקי וגם קצת צלחות..  להזמנות חייגו לערן יהיה יאסו..0522812523,false
Всегда ухоженные ручки и ножки! 20% скидка на все процедуры!,https://scontent.ftlv4-1.fna.fbcdn.net/v/t1.0-0/p526x296/42272767_2149651352013633_5455795431671857152_n.jpg?_nc_cat=0&oh=ac41757df51d2ae892c76d3d18a52e47&oe=5C1B505D,8:30 AM,1 PM,2018-09-24,Moriya boulevard 35 Carmel Center Haifa Israel Haifa Israel,Центр красоты и здоровья "OptiMed",haifa,https://www.facebook.com/events/551193548649373/?acontext=%7B%22ref%22%3A51%2C%22source%22%3A2%2C%22source_dashboard_filter%22%3A%22discovery%22%2C%22action_history%22%3A%22[%7B%5C%22surface%5C%22%3A%5C%22discover_filter_list%5C%22%2C%5C%22mechanism%5C%22%3A%5C%22surface%5C%22%2C%5C%22extra_data%5C%22%3A%7B%5C%22dashboard_filter%5C%22%3A%5C%22discovery%5C%22%7D%7D]%22%2C%22has_source%22%3Atrue%7D,Дорогие друзья! В нашем Центре работают замечательные мастера:парикмахеры - стилисты косметолог массажисты специалисты по Китайской медицине а так же мастера ногтевого сервиса! До конца сентября и весь октябрь для всех желающих посетить наш Центр красоты и здоровья "OptiMed" -- 20% скидка на все услуги мастера ногтевого сервиса! Запись по тел:050-219-6936 -- Елена,false
‎גלריית חריכת עצים פרקטלית בפסטיבל הסרטים וידאו למטה בתיאור‎,https://scontent.ftlv4-1.fna.fbcdn.net/v/t1.0-0/q82/s600x600/42327032_1915503241897313_1098525662198628352_n.jpg?_nc_cat=0&oh=803e97cab81dedfd6d83504090eb5c1a&oe=5C1567EA,5 PM,11 PM,2018-09-24,שד' הנשיא 140 מרכז הכרמל חיפה 12438 Haifa Israel,אודיטוריום חיפה,haifa,https://www.facebook.com/events/264555480858521/?acontext=%7B%22ref%22%3A51%2C%22source%22%3A2%2C%22source_dashboard_filter%22%3A%22discovery%22%2C%22action_history%22%3A%22[%7B%5C%22surface%5C%22%3A%5C%22discover_filter_list%5C%22%2C%5C%22mechanism%5C%22%3A%5C%22surface%5C%22%2C%5C%22extra_data%5C%22%3A%7B%5C%22dashboard_filter%5C%22%3A%5C%22discovery%5C%22%7D%7D]%22%2C%22has_source%22%3Atrue%7D,התערוכה תעמוד לתצוגה ולמכירה בפסטיבל הסרטים חיפה בתאריכים 22.9-1.10.2018 באודיטוריום חיפה.The collection will be available for viewing and purchasing at Haifa film festival at 22.9-1.10.18 at the Haifa Auditoriumhttp://facebook.com/joatnphttp://instagram.com/joatnphttps://youtu.be/psDYZMgPxV0לפני כמה שנים נחשפתי לשריפת עצים בשיטת ליכטנברג ומאד נהניתי לשחק עם השיטה. אהבתי את האלגנטיות של התפתחות הפרקטלים והתפעלתי מחוקי הפיזיקה בעודם מגיעים למימד בו אני יכול לחוות אותם בחושיי. מעבר לכך נהניתי להפיח חיים חדשים בחתיכות פסולת שאנשים וויתרו עליהם. התוצאות תמיד היו נאות אבל רציתי יותר רציתי לצייר עם החשמל בשליטה ולא רק להביט בפרקטלים בהתהוותם. צעדים ראשונים בשליטה מצאתי לפני שנתיים אבל הפיתוח האמיתי בא באפריקה. בשנה של מסע השתקעתי בקניה באוגנדה ובדרום אפריקה שם החלפתי את העבודות שלי עבור שהייה. בשטח בלי הסדנה שלי וכל הכלים פותרי העיות שלי נאצתי לאלתר ובאמת להבין מה הם החוקים המשתנים והגורמים המעורבים בתהליך והצלחתי להשיג שליטה באבסטרקט ובמובנה. יותר מכך גם למדתי מתי לא לשלוט.אני גאה להציג משהו ייחודי (בינתיים בסופו של דבר מישהו בטוח יהנדס את זה ברוורס) עשוי ממאה אחוז חומרים ומכונות ממוחזרים מהרחוב ומושך את העין האנושית שמתבייתת על קונסטרקטים מורכבים וטבעיים.A few years ago i was exposed to lichtenberg fractal wood burning and enjoyed it immensely. I loved the elegance of the fractals nature and the poetic laws of physics brought to the leve of human experience. furthermore i loved giving new life to another man's trash. the results were satisfactory but i wanted more. I wanted to paint with it under control rather than an observer.The first steps in achieving control were taken two years ago to interesting results but the real revelation came to me in africa. Along a year's journey I've set shop in Kenya Uganda and South Africa and bartered my works for lodging. There in the field without my problem solving tools and gadgets I wa forced to delve into the works of it. to realy comprehend the factors elements and laws involved i the process and achieve control over the abstract and the structured. And more - when to relinquish control.I'm proud to present something unique (for now... somone will eventually reverse-engineer it) made from 100% recycled and upcycled materials and machines and appealing to the human eye that gravitates to natural constructs.,false
‎סוכות יווני בוניה - הופעות חיות אוכל ואלכוהול במחיר מוזל‎,https://scontent.ftlv4-1.fna.fbcdn.net/v/t1.0-9/s720x720/42119605_2844750608884076_510250618800046080_o.jpg?_nc_cat=0&oh=2b3357b1c9eafaea00dd51e8d5a7c2ad&oe=5C196E37,12 PM,11:30 PM,2018-09-24,שער פלמר 1 Haifa Israel,וניה ביסטרו - Venya Bistro,haifa,https://www.facebook.com/events/237772883567528/?acontext=%7B%22ref%22%3A51%2C%22source%22%3A2%2C%22source_dashboard_filter%22%3A%22discovery%22%2C%22action_history%22%3A%22[%7B%5C%22surface%5C%22%3A%5C%22discover_filter_list%5C%22%2C%5C%22mechanism%5C%22%3A%5C%22surface%5C%22%2C%5C%22extra_data%5C%22%3A%7B%5C%22dashboard_filter%5C%22%3A%5C%22discovery%5C%22%7D%7D]%22%2C%22has_source%22%3Atrue%7D,סוכות עושים בטברנה של וניה!לאורך סוכות בכל יום החל מ-12 בצהריים (למעט 23.9 מ18:00 בערב) המסעדה תשתלב היטב בנוף החיפאי ובאווירת הנמל ותציע מגוון מנות בסגנון יווני אלכוהול משמח ומוזל ומוזיקה מרגשת ומנענעתמגוון מנות בסגנון יווני ובינהן גירוס וסופלאקי מאזטים וסלט יווני קלאסי דגים שלמים מוסקה אמיתית ועוד הפתעות יומיות לצד המנות תוכלו לשתות אוזו 12 אוזו פלומארי סקינוס (תזקיק אלת המסטיק) ציפורו עראק קוואר במחיר מוזל.ועוד מגוון דרינקים מבוססי אוזו.בנוסף יין לבן בכוסות ובקבוקים החל מ-25 ש"ח לכוס ו-100 בלבד לבקבוק!לו"ז הופעות (מתחילות ב20:00)24.9 יום שני - רועי עובדיה עושה יווני ובלקני26.9 יום רביעי - טריו עופר מגידו. ג'אז מקורי 27.9 יום חמישי - רוני וג'קי בוזוקי. מוזיקה מרחובות אתונה וסלוניקי29.9 יום שבת - טריו ענבל גולדבליט עם יאיר לוינסון ואיגור חוטינסקי. ג'אז קולי ומסתורי30.1 יום ראשון - DJ דוד ישעיהו עושה אגן ים תיכון איכותי. אז למה ליסוע ליוון?,false
‎סוכות בקריון ביאליק אתה באזור יש מקום לעצור‎,https://scontent.ftlv4-1.fna.fbcdn.net/v/t1.0-0/p526x296/41533906_279151459359981_4148997008469786624_n.jpg?_nc_cat=0&oh=cc473ef9b97dc6d8c406cbdab5ae4e84&oe=5C14D539,9 AM,11 PM,2018-09-24,שדרות ורבורג 102 Haifa Israel,בית מדרש משיח צדקנו משי"צ,haifa,https://www.facebook.com/events/2032440067070520/?acontext=%7B%22ref%22%3A51%2C%22source%22%3A2%2C%22source_dashboard_filter%22%3A%22discovery%22%2C%22action_history%22%3A%22[%7B%5C%22surface%5C%22%3A%5C%22discover_filter_list%5C%22%2C%5C%22mechanism%5C%22%3A%5C%22surface%5C%22%2C%5C%22extra_data%5C%22%3A%7B%5C%22dashboard_filter%5C%22%3A%5C%22discovery%5C%22%7D%7D]%22%2C%22has_source%22%3Atrue%7D,סוכה בקריון ארבעת המינים ומקום כשר בקריון,false
